im,gender,outcome,region,age_group,ihme,ihme_plus,ihme_rehm,ihme_rehm_plus,ihme_zhao,ihme_zhao_plus
_11,m,Morbidity,Australia,15-34,0.38138445892544476,0.38138445892544476,0.38138445892544476,0.38138445892544476,0.38138445892544476,0.38138445892544476
_11,m,Morbidity,Australia,35-64,0.42979904125469115,0.42979904125469115,0.42979904125469115,0.42979904125469115,0.42979904125469115,0.42979904125469115
_11,m,Morbidity,Australia,65+,0.4061098850901564,0.4061098850901564,0.4061098850901564,0.4061098850901564,0.4061098850901564,0.4061098850901564
_11,m,Morbidity,Canada,15-34,0.40168778548498074,0.40168778548498074,0.40168778548498074,0.40168778548498074,0.40168778548498074,0.40168778548498074
_11,m,Morbidity,Canada,35-64,0.42285575920876367,0.42285575920876367,0.42285575920876367,0.42285575920876367,0.42285575920876367,0.42285575920876367
_11,m,Morbidity,Canada,65+,0.39405415533872457,0.39405415533872457,0.39405415533872457,0.39405415533872457,0.39405415533872457,0.39405415533872457
_11,m,Mortality,Australia,15-34,0.38138445892544476,0.38138445892544476,0.38138445892544476,0.38138445892544476,0.38138445892544476,0.38138445892544476
_11,m,Mortality,Australia,35-64,0.42979904125469115,0.42979904125469115,0.42979904125469115,0.42979904125469115,0.42979904125469115,0.42979904125469115
_11,m,Mortality,Australia,65+,0.4061098850901564,0.4061098850901564,0.4061098850901564,0.4061098850901564,0.4061098850901564,0.4061098850901564
_11,m,Mortality,Canada,15-34,0.40168778548498074,0.40168778548498074,0.40168778548498074,0.40168778548498074,0.40168778548498074,0.40168778548498074
_11,m,Mortality,Canada,35-64,0.42285575920876367,0.42285575920876367,0.42285575920876367,0.42285575920876367,0.42285575920876367,0.42285575920876367
_11,m,Mortality,Canada,65+,0.39405415533872457,0.39405415533872457,0.39405415533872457,0.39405415533872457,0.39405415533872457,0.39405415533872457
_11,w,Morbidity,Australia,15-34,0.2223444997024021,0.2223444997024021,0.2223444997024021,0.2223444997024021,0.2223444997024021,0.2223444997024021
_11,w,Morbidity,Australia,35-64,0.2708914240421189,0.2708914240421189,0.2708914240421189,0.2708914240421189,0.2708914240421189,0.2708914240421189
_11,w,Morbidity,Australia,65+,0.2081006660374162,0.2081006660374162,0.2081006660374162,0.2081006660374162,0.2081006660374162,0.2081006660374162
_11,w,Morbidity,Canada,15-34,0.21368354216500693,0.21368354216500693,0.21368354216500693,0.21368354216500693,0.21368354216500693,0.21368354216500693
_11,w,Morbidity,Canada,35-64,0.24876282214506754,0.24876282214506754,0.24876282214506754,0.24876282214506754,0.24876282214506754,0.24876282214506754
_11,w,Morbidity,Canada,65+,0.190849240728157,0.190849240728157,0.190849240728157,0.190849240728157,0.190849240728157,0.190849240728157
_11,w,Mortality,Australia,15-34,0.2223444997024021,0.2223444997024021,0.2223444997024021,0.2223444997024021,0.2223444997024021,0.2223444997024021
_11,w,Mortality,Australia,35-64,0.2708914240421189,0.2708914240421189,0.2708914240421189,0.2708914240421189,0.2708914240421189,0.2708914240421189
_11,w,Mortality,Australia,65+,0.2081006660374162,0.2081006660374162,0.2081006660374162,0.2081006660374162,0.2081006660374162,0.2081006660374162
_11,w,Mortality,Canada,15-34,0.21368354216500693,0.21368354216500693,0.21368354216500693,0.21368354216500693,0.21368354216500693,0.21368354216500693
_11,w,Mortality,Canada,35-64,0.24876282214506754,0.24876282214506754,0.24876282214506754,0.24876282214506754,0.24876282214506754,0.24876282214506754
_11,w,Mortality,Canada,65+,0.190849240728157,0.190849240728157,0.190849240728157,0.190849240728157,0.190849240728157,0.190849240728157
_13,m,Morbidity,Australia,15-34,0.07315979928925598,0.07315979928925598,0.07315979928925598,0.07315979928925598,0.07315979928925598,0.07315979928925598
_13,m,Morbidity,Australia,35-64,0.09065470149479685,0.09065470149479685,0.09065470149479685,0.09065470149479685,0.09065470149479685,0.09065470149479685
_13,m,Morbidity,Australia,65+,0.0778999197121305,0.0778999197121305,0.0778999197121305,0.0778999197121305,0.0778999197121305,0.0778999197121305
_13,m,Morbidity,Canada,15-34,0.07817737079686252,0.07817737079686252,0.07817737079686252,0.07817737079686252,0.07817737079686252,0.07817737079686252
_13,m,Morbidity,Canada,35-64,0.08542589559040102,0.08542589559040102,0.08542589559040102,0.08542589559040102,0.08542589559040102,0.08542589559040102
_13,m,Morbidity,Canada,65+,0.07046281583763461,0.07046281583763461,0.07046281583763461,0.07046281583763461,0.07046281583763461,0.07046281583763461
_13,m,Mortality,Australia,15-34,0.07315979928925598,0.07315979928925598,0.07315979928925598,0.07315979928925598,0.07315979928925598,0.07315979928925598
_13,m,Mortality,Australia,35-64,0.09065470149479685,0.09065470149479685,0.09065470149479685,0.09065470149479685,0.09065470149479685,0.09065470149479685
_13,m,Mortality,Australia,65+,0.0778999197121305,0.0778999197121305,0.0778999197121305,0.0778999197121305,0.0778999197121305,0.0778999197121305
_13,m,Mortality,Canada,15-34,0.07817737079686252,0.07817737079686252,0.07817737079686252,0.07817737079686252,0.07817737079686252,0.07817737079686252
_13,m,Mortality,Canada,35-64,0.08542589559040102,0.08542589559040102,0.08542589559040102,0.08542589559040102,0.08542589559040102,0.08542589559040102
_13,m,Mortality,Canada,65+,0.07046281583763461,0.07046281583763461,0.07046281583763461,0.07046281583763461,0.07046281583763461,0.07046281583763461
_13,w,Morbidity,Australia,15-34,0.02204355756668975,0.02204355756668975,0.02204355756668975,0.02204355756668975,0.02204355756668975,0.02204355756668975
_13,w,Morbidity,Australia,35-64,0.030795903570286262,0.030795903570286262,0.030795903570286262,0.030795903570286262,0.030795903570286262,0.030795903570286262
_13,w,Morbidity,Australia,65+,0.01862956266624767,0.01862956266624767,0.01862956266624767,0.01862956266624767,0.01862956266624767,0.01862956266624767
_13,w,Morbidity,Canada,15-34,0.01926847311767027,0.01926847311767027,0.01926847311767027,0.01926847311767027,0.01926847311767027,0.01926847311767027
_13,w,Morbidity,Canada,35-64,0.02519765869034239,0.02519765869034239,0.02519765869034239,0.02519765869034239,0.02519765869034239,0.02519765869034239
_13,w,Morbidity,Canada,65+,0.015025764799217535,0.015025764799217535,0.015025764799217535,0.015025764799217535,0.015025764799217535,0.015025764799217535
_13,w,Mortality,Australia,15-34,0.02204355756668975,0.02204355756668975,0.02204355756668975,0.02204355756668975,0.02204355756668975,0.02204355756668975
_13,w,Mortality,Australia,35-64,0.030795903570286262,0.030795903570286262,0.030795903570286262,0.030795903570286262,0.030795903570286262,0.030795903570286262
_13,w,Mortality,Australia,65+,0.01862956266624767,0.01862956266624767,0.01862956266624767,0.01862956266624767,0.01862956266624767,0.01862956266624767
_13,w,Mortality,Canada,15-34,0.01926847311767027,0.01926847311767027,0.01926847311767027,0.01926847311767027,0.01926847311767027,0.01926847311767027
_13,w,Mortality,Canada,35-64,0.02519765869034239,0.02519765869034239,0.02519765869034239,0.02519765869034239,0.02519765869034239,0.02519765869034239
_13,w,Mortality,Canada,65+,0.015025764799217535,0.015025764799217535,0.015025764799217535,0.015025764799217535,0.015025764799217535,0.015025764799217535
_21,m,Morbidity,Australia,15-34,0.45729432057191927,0.45729432057191927,0.45729432057191927,0.45729432057191927,0.45729432057191927,0.45729432057191927
_21,m,Morbidity,Australia,35-64,0.5095870092373718,0.5095870092373718,0.5095870092373718,0.5095870092373718,0.5095870092373718,0.5095870092373718
_21,m,Morbidity,Australia,65+,0.48079496182612225,0.48079496182612225,0.48079496182612225,0.48079496182612225,0.48079496182612225,0.48079496182612225
_21,m,Morbidity,Canada,15-34,0.4776373843504382,0.4776373843504382,0.4776373843504382,0.4776373843504382,0.4776373843504382,0.4776373843504382
_21,m,Morbidity,Canada,35-64,0.5000636789202214,0.5000636789202214,0.5000636789202214,0.5000636789202214,0.5000636789202214,0.5000636789202214
_21,m,Morbidity,Canada,65+,0.46465257877716143,0.46465257877716143,0.46465257877716143,0.46465257877716143,0.46465257877716143,0.46465257877716143
_21,m,Mortality,Australia,15-34,0.45729432057191927,0.45729432057191927,0.45729432057191927,0.45729432057191927,0.45729432057191927,0.45729432057191927
_21,m,Mortality,Australia,35-64,0.5095870092373718,0.5095870092373718,0.5095870092373718,0.5095870092373718,0.5095870092373718,0.5095870092373718
_21,m,Mortality,Australia,65+,0.48079496182612225,0.48079496182612225,0.48079496182612225,0.48079496182612225,0.48079496182612225,0.48079496182612225
_21,m,Mortality,Canada,15-34,0.4776373843504382,0.4776373843504382,0.4776373843504382,0.4776373843504382,0.4776373843504382,0.4776373843504382
_21,m,Mortality,Canada,35-64,0.5000636789202214,0.5000636789202214,0.5000636789202214,0.5000636789202214,0.5000636789202214,0.5000636789202214
_21,m,Mortality,Canada,65+,0.46465257877716143,0.46465257877716143,0.46465257877716143,0.46465257877716143,0.46465257877716143,0.46465257877716143
_21,w,Morbidity,Australia,15-34,0.259915422210244,0.259915422210244,0.259915422210244,0.259915422210244,0.259915422210244,0.259915422210244
_21,w,Morbidity,Australia,35-64,0.31665661925940364,0.31665661925940364,0.31665661925940364,0.31665661925940364,0.31665661925940364,0.31665661925940364
_21,w,Morbidity,Australia,65+,0.24120955665810645,0.24120955665810645,0.24120955665810645,0.24120955665810645,0.24120955665810645,0.24120955665810645
_21,w,Morbidity,Canada,15-34,0.24742898782430606,0.24742898782430606,0.24742898782430606,0.24742898782430606,0.24742898782430606,0.24742898782430606
_21,w,Morbidity,Canada,35-64,0.28877131260408767,0.28877131260408767,0.28877131260408767,0.28877131260408767,0.28877131260408767,0.28877131260408767
_21,w,Morbidity,Canada,65+,0.2189382640179219,0.2189382640179219,0.2189382640179219,0.2189382640179219,0.2189382640179219,0.2189382640179219
_21,w,Mortality,Australia,15-34,0.259915422210244,0.259915422210244,0.259915422210244,0.259915422210244,0.259915422210244,0.259915422210244
_21,w,Mortality,Australia,35-64,0.31665661925940364,0.31665661925940364,0.31665661925940364,0.31665661925940364,0.31665661925940364,0.31665661925940364
_21,w,Mortality,Australia,65+,0.24120955665810645,0.24120955665810645,0.24120955665810645,0.24120955665810645,0.24120955665810645,0.24120955665810645
_21,w,Mortality,Canada,15-34,0.24742898782430606,0.24742898782430606,0.24742898782430606,0.24742898782430606,0.24742898782430606,0.24742898782430606
_21,w,Mortality,Canada,35-64,0.28877131260408767,0.28877131260408767,0.28877131260408767,0.28877131260408767,0.28877131260408767,0.28877131260408767
_21,w,Mortality,Canada,65+,0.2189382640179219,0.2189382640179219,0.2189382640179219,0.2189382640179219,0.2189382640179219,0.2189382640179219
_22,m,Morbidity,Australia,15-34,0.09830603872066682,0.09830603872066682,0.09830603872066682,0.09830603872066682,0.09830603872066682,0.09830603872066682
_22,m,Morbidity,Australia,35-64,0.1124437323266411,0.1124437323266411,0.1124437323266411,0.1124437323266411,0.1124437323266411,0.1124437323266411
_22,m,Morbidity,Australia,65+,0.10599722534472969,0.10599722534472969,0.10599722534472969,0.10599722534472969,0.10599722534472969,0.10599722534472969
_22,m,Morbidity,Canada,15-34,0.10445135456867069,0.10445135456867069,0.10445135456867069,0.10445135456867069,0.10445135456867069,0.10445135456867069
_22,m,Morbidity,Canada,35-64,0.11072251450495366,0.11072251450495366,0.11072251450495366,0.11072251450495366,0.11072251450495366,0.11072251450495366
_22,m,Morbidity,Canada,65+,0.1029683547316057,0.1029683547316057,0.1029683547316057,0.1029683547316057,0.1029683547316057,0.1029683547316057
_22,m,Mortality,Australia,15-34,0.09830603872066682,0.09830603872066682,0.09830603872066682,0.09830603872066682,0.09830603872066682,0.09830603872066682
_22,m,Mortality,Australia,35-64,0.1124437323266411,0.1124437323266411,0.1124437323266411,0.1124437323266411,0.1124437323266411,0.1124437323266411
_22,m,Mortality,Australia,65+,0.10599722534472969,0.10599722534472969,0.10599722534472969,0.10599722534472969,0.10599722534472969,0.10599722534472969
_22,m,Mortality,Canada,15-34,0.10445135456867069,0.10445135456867069,0.10445135456867069,0.10445135456867069,0.10445135456867069,0.10445135456867069
_22,m,Mortality,Canada,35-64,0.11072251450495366,0.11072251450495366,0.11072251450495366,0.11072251450495366,0.11072251450495366,0.11072251450495366
_22,m,Mortality,Canada,65+,0.1029683547316057,0.1029683547316057,0.1029683547316057,0.1029683547316057,0.1029683547316057,0.1029683547316057
_22,w,Morbidity,Australia,15-34,0.11463249024009166,0.11463249024009166,0.11463249024009166,0.11463249024009166,0.11463249024009166,0.11463249024009166
_22,w,Morbidity,Australia,35-64,0.1404271178140247,0.1404271178140247,0.1404271178140247,0.1404271178140247,0.1404271178140247,0.1404271178140247
_22,w,Morbidity,Australia,65+,0.10796898785536699,0.10796898785536699,0.10796898785536699,0.10796898785536699,0.10796898785536699,0.10796898785536699
_22,w,Morbidity,Canada,15-34,0.11102793742228165,0.11102793742228165,0.11102793742228165,0.11102793742228165,0.11102793742228165,0.11102793742228165
_22,w,Morbidity,Canada,35-64,0.12939136372081905,0.12939136372081905,0.12939136372081905,0.12939136372081905,0.12939136372081905,0.12939136372081905
_22,w,Morbidity,Canada,65+,0.10001005852070084,0.10001005852070084,0.10001005852070084,0.10001005852070084,0.10001005852070084,0.10001005852070084
_22,w,Mortality,Australia,15-34,0.11463249024009166,0.11463249024009166,0.11463249024009166,0.11463249024009166,0.11463249024009166,0.11463249024009166
_22,w,Mortality,Australia,35-64,0.1404271178140247,0.1404271178140247,0.1404271178140247,0.1404271178140247,0.1404271178140247,0.1404271178140247
_22,w,Mortality,Australia,65+,0.10796898785536699,0.10796898785536699,0.10796898785536699,0.10796898785536699,0.10796898785536699,0.10796898785536699
_22,w,Mortality,Canada,15-34,0.11102793742228165,0.11102793742228165,0.11102793742228165,0.11102793742228165,0.11102793742228165,0.11102793742228165
_22,w,Mortality,Canada,35-64,0.12939136372081905,0.12939136372081905,0.12939136372081905,0.12939136372081905,0.12939136372081905,0.12939136372081905
_22,w,Mortality,Canada,65+,0.10001005852070084,0.10001005852070084,0.10001005852070084,0.10001005852070084,0.10001005852070084,0.10001005852070084
_23,m,Morbidity,Australia,15-34,0.12572580544227702,0.12572580544227702,0.12572580544227702,0.12572580544227702,0.12572580544227702,0.12572580544227702
_23,m,Morbidity,Australia,35-64,0.1494821029352709,0.1494821029352709,0.1494821029352709,0.1494821029352709,0.1494821029352709,0.1494821029352709
_23,m,Morbidity,Australia,65+,0.13764055692678648,0.13764055692678648,0.13764055692678648,0.13764055692678648,0.13764055692678648,0.13764055692678648
_23,m,Morbidity,Canada,15-34,0.13542349381970833,0.13542349381970833,0.13542349381970833,0.13542349381970833,0.13542349381970833,0.13542349381970833
_23,m,Morbidity,Canada,35-64,0.14596444292451063,0.14596444292451063,0.14596444292451063,0.14596444292451063,0.14596444292451063,0.14596444292451063
_23,m,Morbidity,Canada,65+,0.1319707274292562,0.1319707274292562,0.1319707274292562,0.1319707274292562,0.1319707274292562,0.1319707274292562
_23,m,Mortality,Australia,15-34,0.12572580544227702,0.12572580544227702,0.12572580544227702,0.12572580544227702,0.12572580544227702,0.12572580544227702
_23,m,Mortality,Australia,35-64,0.1494821029352709,0.1494821029352709,0.1494821029352709,0.1494821029352709,0.1494821029352709,0.1494821029352709
_23,m,Mortality,Australia,65+,0.13764055692678648,0.13764055692678648,0.13764055692678648,0.13764055692678648,0.13764055692678648,0.13764055692678648
_23,m,Mortality,Canada,15-34,0.13542349381970833,0.13542349381970833,0.13542349381970833,0.13542349381970833,0.13542349381970833,0.13542349381970833
_23,m,Mortality,Canada,35-64,0.14596444292451063,0.14596444292451063,0.14596444292451063,0.14596444292451063,0.14596444292451063,0.14596444292451063
_23,m,Mortality,Canada,65+,0.1319707274292562,0.1319707274292562,0.1319707274292562,0.1319707274292562,0.1319707274292562,0.1319707274292562
_23,w,Morbidity,Australia,15-34,0.06486996113324861,0.06486996113324861,0.06486996113324861,0.06486996113324861,0.06486996113324861,0.06486996113324861
_23,w,Morbidity,Australia,35-64,0.08192519270071336,0.08192519270071336,0.08192519270071336,0.08192519270071336,0.08192519270071336,0.08192519270071336
_23,w,Morbidity,Australia,65+,0.060705249862889714,0.060705249862889714,0.060705249862889714,0.060705249862889714,0.060705249862889714,0.060705249862889714
_23,w,Morbidity,Canada,15-34,0.06263825965290477,0.06263825965290477,0.06263825965290477,0.06263825965290477,0.06263825965290477,0.06263825965290477
_23,w,Morbidity,Canada,35-64,0.07446194457126427,0.07446194457126427,0.07446194457126427,0.07446194457126427,0.07446194457126427,0.07446194457126427
_23,w,Morbidity,Canada,65+,0.056015447822300814,0.056015447822300814,0.056015447822300814,0.056015447822300814,0.056015447822300814,0.056015447822300814
_23,w,Mortality,Australia,15-34,0.06486996113324861,0.06486996113324861,0.06486996113324861,0.06486996113324861,0.06486996113324861,0.06486996113324861
_23,w,Mortality,Australia,35-64,0.08192519270071336,0.08192519270071336,0.08192519270071336,0.08192519270071336,0.08192519270071336,0.08192519270071336
_23,w,Mortality,Australia,65+,0.060705249862889714,0.060705249862889714,0.060705249862889714,0.060705249862889714,0.060705249862889714,0.060705249862889714
_23,w,Mortality,Canada,15-34,0.06263825965290477,0.06263825965290477,0.06263825965290477,0.06263825965290477,0.06263825965290477,0.06263825965290477
_23,w,Mortality,Canada,35-64,0.07446194457126427,0.07446194457126427,0.07446194457126427,0.07446194457126427,0.07446194457126427,0.07446194457126427
_23,w,Mortality,Canada,65+,0.056015447822300814,0.056015447822300814,0.056015447822300814,0.056015447822300814,0.056015447822300814,0.056015447822300814
_24,m,Morbidity,Australia,15-34,0.10130906482323956,0.10130906482323956,0.10130906482323956,0.10130906482323956,0.10130906482323956,0.10130906482323956
_24,m,Morbidity,Australia,35-64,0.12027087611831387,0.12027087611831387,0.12027087611831387,0.12027087611831387,0.12027087611831387,0.12027087611831387
_24,m,Morbidity,Australia,65+,0.11201727562610796,0.11201727562610796,0.11201727562610796,0.11201727562610796,0.11201727562610796,0.11201727562610796
_24,m,Morbidity,Canada,15-34,0.10966437790574282,0.10966437790574282,0.10966437790574282,0.10966437790574282,0.10966437790574282,0.10966437790574282
_24,m,Morbidity,Canada,35-64,0.11825277923079446,0.11825277923079446,0.11825277923079446,0.11825277923079446,0.11825277923079446,0.11825277923079446
_24,m,Morbidity,Canada,65+,0.1084939079402619,0.1084939079402619,0.1084939079402619,0.1084939079402619,0.1084939079402619,0.1084939079402619
_24,m,Mortality,Australia,15-34,0.10130906482323956,0.10130906482323956,0.10130906482323956,0.10130906482323956,0.10130906482323956,0.10130906482323956
_24,m,Mortality,Australia,35-64,0.12027087611831387,0.12027087611831387,0.12027087611831387,0.12027087611831387,0.12027087611831387,0.12027087611831387
_24,m,Mortality,Australia,65+,0.11201727562610796,0.11201727562610796,0.11201727562610796,0.11201727562610796,0.11201727562610796,0.11201727562610796
_24,m,Mortality,Canada,15-34,0.10966437790574282,0.10966437790574282,0.10966437790574282,0.10966437790574282,0.10966437790574282,0.10966437790574282
_24,m,Mortality,Canada,35-64,0.11825277923079446,0.11825277923079446,0.11825277923079446,0.11825277923079446,0.11825277923079446,0.11825277923079446
_24,m,Mortality,Canada,65+,0.1084939079402619,0.1084939079402619,0.1084939079402619,0.1084939079402619,0.1084939079402619,0.1084939079402619
_24,w,Morbidity,Australia,15-34,0.05591647232135197,0.05591647232135197,0.05591647232135197,0.05591647232135197,0.05591647232135197,0.05591647232135197
_24,w,Morbidity,Australia,35-64,0.07009987707233027,0.07009987707233027,0.07009987707233027,0.07009987707233027,0.07009987707233027,0.07009987707233027
_24,w,Morbidity,Australia,65+,0.052779707015799364,0.052779707015799364,0.052779707015799364,0.052779707015799364,0.052779707015799364,0.052779707015799364
_24,w,Morbidity,Canada,15-34,0.05447068512674494,0.05447068512674494,0.05447068512674494,0.05447068512674494,0.05447068512674494,0.05447068512674494
_24,w,Morbidity,Canada,35-64,0.06434708671535647,0.06434708671535647,0.06434708671535647,0.06434708671535647,0.06434708671535647,0.06434708671535647
_24,w,Morbidity,Canada,65+,0.04911989395360253,0.04911989395360253,0.04911989395360253,0.04911989395360253,0.04911989395360253,0.04911989395360253
_24,w,Mortality,Australia,15-34,0.05591647232135197,0.05591647232135197,0.05591647232135197,0.05591647232135197,0.05591647232135197,0.05591647232135197
_24,w,Mortality,Australia,35-64,0.07009987707233027,0.07009987707233027,0.07009987707233027,0.07009987707233027,0.07009987707233027,0.07009987707233027
_24,w,Mortality,Australia,65+,0.052779707015799364,0.052779707015799364,0.052779707015799364,0.052779707015799364,0.052779707015799364,0.052779707015799364
_24,w,Mortality,Canada,15-34,0.05447068512674494,0.05447068512674494,0.05447068512674494,0.05447068512674494,0.05447068512674494,0.05447068512674494
_24,w,Mortality,Canada,35-64,0.06434708671535647,0.06434708671535647,0.06434708671535647,0.06434708671535647,0.06434708671535647,0.06434708671535647
_24,w,Mortality,Canada,65+,0.04911989395360253,0.04911989395360253,0.04911989395360253,0.04911989395360253,0.04911989395360253,0.04911989395360253
_27,m,Morbidity,Australia,15-34,0.15492352721030014,0.15492352721030014,0.15492352721030014,0.15492352721030014,0.15492352721030014,0.15492352721030014
_27,m,Morbidity,Australia,35-64,0.18042437405411246,0.18042437405411246,0.18042437405411246,0.18042437405411246,0.18042437405411246,0.18042437405411246
_27,m,Morbidity,Australia,65+,0.17174556985160797,0.17174556985160797,0.17174556985160797,0.17174556985160797,0.17174556985160797,0.17174556985160797
_27,m,Morbidity,Canada,15-34,0.167445385532406,0.167445385532406,0.167445385532406,0.167445385532406,0.167445385532406,0.167445385532406
_27,m,Morbidity,Canada,35-64,0.17923819811250058,0.17923819811250058,0.17923819811250058,0.17923819811250058,0.17923819811250058,0.17923819811250058
_27,m,Morbidity,Canada,65+,0.16909878294941244,0.16909878294941244,0.16909878294941244,0.16909878294941244,0.16909878294941244,0.16909878294941244
_27,m,Mortality,Australia,15-34,0.15492352721030014,0.15492352721030014,0.15492352721030014,0.15492352721030014,0.15492352721030014,0.15492352721030014
_27,m,Mortality,Australia,35-64,0.18042437405411246,0.18042437405411246,0.18042437405411246,0.18042437405411246,0.18042437405411246,0.18042437405411246
_27,m,Mortality,Australia,65+,0.17174556985160797,0.17174556985160797,0.17174556985160797,0.17174556985160797,0.17174556985160797,0.17174556985160797
_27,m,Mortality,Canada,15-34,0.167445385532406,0.167445385532406,0.167445385532406,0.167445385532406,0.167445385532406,0.167445385532406
_27,m,Mortality,Canada,35-64,0.17923819811250058,0.17923819811250058,0.17923819811250058,0.17923819811250058,0.17923819811250058,0.17923819811250058
_27,m,Mortality,Canada,65+,0.16909878294941244,0.16909878294941244,0.16909878294941244,0.16909878294941244,0.16909878294941244,0.16909878294941244
_27,w,Morbidity,Australia,15-34,0.10040617357202142,0.10040617357202142,0.10040617357202142,0.10040617357202142,0.10040617357202142,0.10040617357202142
_27,w,Morbidity,Australia,35-64,0.12185849523399853,0.12185849523399853,0.12185849523399853,0.12185849523399853,0.12185849523399853,0.12185849523399853
_27,w,Morbidity,Australia,65+,0.09728123485253767,0.09728123485253767,0.09728123485253767,0.09728123485253767,0.09728123485253767,0.09728123485253767
_27,w,Morbidity,Canada,15-34,0.1002244944470883,0.1002244944470883,0.1002244944470883,0.1002244944470883,0.1002244944470883,0.1002244944470883
_27,w,Morbidity,Canada,35-64,0.1150222293420742,0.1150222293420742,0.1150222293420742,0.1150222293420742,0.1150222293420742,0.1150222293420742
_27,w,Morbidity,Canada,65+,0.0937950054964234,0.0937950054964234,0.0937950054964234,0.0937950054964234,0.0937950054964234,0.0937950054964234
_27,w,Mortality,Australia,15-34,0.10040617357202142,0.10040617357202142,0.10040617357202142,0.10040617357202142,0.10040617357202142,0.10040617357202142
_27,w,Mortality,Australia,35-64,0.12185849523399853,0.12185849523399853,0.12185849523399853,0.12185849523399853,0.12185849523399853,0.12185849523399853
_27,w,Mortality,Australia,65+,0.09728123485253767,0.09728123485253767,0.09728123485253767,0.09728123485253767,0.09728123485253767,0.09728123485253767
_27,w,Mortality,Canada,15-34,0.1002244944470883,0.1002244944470883,0.1002244944470883,0.1002244944470883,0.1002244944470883,0.1002244944470883
_27,w,Mortality,Canada,35-64,0.1150222293420742,0.1150222293420742,0.1150222293420742,0.1150222293420742,0.1150222293420742,0.1150222293420742
_27,w,Mortality,Canada,65+,0.0937950054964234,0.0937950054964234,0.0937950054964234,0.0937950054964234,0.0937950054964234,0.0937950054964234
_28,m,Morbidity,Australia,15-34,0.24384380729457208,0.24384380729457208,0.24384380729457208,0.24384380729457208,0.24384380729457208,0.24384380729457208
_28,m,Morbidity,Australia,35-64,0.28378876440584455,0.28378876440584455,0.28378876440584455,0.28378876440584455,0.28378876440584455,0.28378876440584455
_28,m,Morbidity,Australia,65+,0.26241316653536706,0.26241316653536706,0.26241316653536706,0.26241316653536706,0.26241316653536706,0.26241316653536706
_28,m,Morbidity,Canada,15-34,0.25951036306083064,0.25951036306083064,0.25951036306083064,0.25951036306083064,0.25951036306083064,0.25951036306083064
_28,m,Morbidity,Canada,35-64,0.27692741334902493,0.27692741334902493,0.27692741334902493,0.27692741334902493,0.27692741334902493,0.27692741334902493
_28,m,Morbidity,Canada,65+,0.2512131255072901,0.2512131255072901,0.2512131255072901,0.2512131255072901,0.2512131255072901,0.2512131255072901
_28,m,Mortality,Australia,15-34,0.24384380729457208,0.24384380729457208,0.24384380729457208,0.24384380729457208,0.24384380729457208,0.24384380729457208
_28,m,Mortality,Australia,35-64,0.28378876440584455,0.28378876440584455,0.28378876440584455,0.28378876440584455,0.28378876440584455,0.28378876440584455
_28,m,Mortality,Australia,65+,0.26241316653536706,0.26241316653536706,0.26241316653536706,0.26241316653536706,0.26241316653536706,0.26241316653536706
_28,m,Mortality,Canada,15-34,0.25951036306083064,0.25951036306083064,0.25951036306083064,0.25951036306083064,0.25951036306083064,0.25951036306083064
_28,m,Mortality,Canada,35-64,0.27692741334902493,0.27692741334902493,0.27692741334902493,0.27692741334902493,0.27692741334902493,0.27692741334902493
_28,m,Mortality,Canada,65+,0.2512131255072901,0.2512131255072901,0.2512131255072901,0.2512131255072901,0.2512131255072901,0.2512131255072901
_28,w,Morbidity,Australia,15-34,0.12308436826686918,0.12308436826686918,0.12308436826686918,0.12308436826686918,0.12308436826686918,0.12308436826686918
_28,w,Morbidity,Australia,35-64,0.15547538844895592,0.15547538844895592,0.15547538844895592,0.15547538844895592,0.15547538844895592,0.15547538844895592
_28,w,Morbidity,Australia,65+,0.1133094854688327,0.1133094854688327,0.1133094854688327,0.1133094854688327,0.1133094854688327,0.1133094854688327
_28,w,Morbidity,Canada,15-34,0.1167331114434039,0.1167331114434039,0.1167331114434039,0.1167331114434039,0.1167331114434039,0.1167331114434039
_28,w,Morbidity,Canada,35-64,0.13969768401534702,0.13969768401534702,0.13969768401534702,0.13969768401534702,0.13969768401534702,0.13969768401534702
_28,w,Morbidity,Canada,65+,0.10186070212769187,0.10186070212769187,0.10186070212769187,0.10186070212769187,0.10186070212769187,0.10186070212769187
_28,w,Mortality,Australia,15-34,0.12308436826686918,0.12308436826686918,0.12308436826686918,0.12308436826686918,0.12308436826686918,0.12308436826686918
_28,w,Mortality,Australia,35-64,0.15547538844895592,0.15547538844895592,0.15547538844895592,0.15547538844895592,0.15547538844895592,0.15547538844895592
_28,w,Mortality,Australia,65+,0.1133094854688327,0.1133094854688327,0.1133094854688327,0.1133094854688327,0.1133094854688327,0.1133094854688327
_28,w,Mortality,Canada,15-34,0.1167331114434039,0.1167331114434039,0.1167331114434039,0.1167331114434039,0.1167331114434039,0.1167331114434039
_28,w,Mortality,Canada,35-64,0.13969768401534702,0.13969768401534702,0.13969768401534702,0.13969768401534702,0.13969768401534702,0.13969768401534702
_28,w,Mortality,Canada,65+,0.10186070212769187,0.10186070212769187,0.10186070212769187,0.10186070212769187,0.10186070212769187,0.10186070212769187
_29,m,Morbidity,Australia,15-34,0.4765960229265534,0.4765960229265534,0.4765960229265534,0.4765960229265534,0.4765960229265534,0.4765960229265534
_29,m,Morbidity,Australia,35-64,0.5269229912227575,0.5269229912227575,0.5269229912227575,0.5269229912227575,0.5269229912227575,0.5269229912227575
_29,m,Morbidity,Australia,65+,0.5024085020392198,0.5024085020392198,0.5024085020392198,0.5024085020392198,0.5024085020392198,0.5024085020392198
_29,m,Morbidity,Canada,15-34,0.4978541721269455,0.4978541721269455,0.4978541721269455,0.4978541721269455,0.4978541721269455,0.4978541721269455
_29,m,Morbidity,Canada,35-64,0.5197105316860701,0.5197105316860701,0.5197105316860701,0.5197105316860701,0.5197105316860701,0.5197105316860701
_29,m,Morbidity,Canada,65+,0.48986825712898613,0.48986825712898613,0.48986825712898613,0.48986825712898613,0.48986825712898613,0.48986825712898613
_29,m,Mortality,Australia,15-34,0.4765960229265534,0.4765960229265534,0.4765960229265534,0.4765960229265534,0.4765960229265534,0.4765960229265534
_29,m,Mortality,Australia,35-64,0.5269229912227575,0.5269229912227575,0.5269229912227575,0.5269229912227575,0.5269229912227575,0.5269229912227575
_29,m,Mortality,Australia,65+,0.5024085020392198,0.5024085020392198,0.5024085020392198,0.5024085020392198,0.5024085020392198,0.5024085020392198
_29,m,Mortality,Canada,15-34,0.4978541721269455,0.4978541721269455,0.4978541721269455,0.4978541721269455,0.4978541721269455,0.4978541721269455
_29,m,Mortality,Canada,35-64,0.5197105316860701,0.5197105316860701,0.5197105316860701,0.5197105316860701,0.5197105316860701,0.5197105316860701
_29,m,Mortality,Canada,65+,0.48986825712898613,0.48986825712898613,0.48986825712898613,0.48986825712898613,0.48986825712898613,0.48986825712898613
_29,w,Morbidity,Australia,15-34,0.3021021179326216,0.3021021179326216,0.3021021179326216,0.3021021179326216,0.3021021179326216,0.3021021179326216
_29,w,Morbidity,Australia,35-64,0.35827296766240585,0.35827296766240585,0.35827296766240585,0.35827296766240585,0.35827296766240585,0.35827296766240585
_29,w,Morbidity,Australia,65+,0.2867662980125174,0.2867662980125174,0.2867662980125174,0.2867662980125174,0.2867662980125174,0.2867662980125174
_29,w,Morbidity,Canada,15-34,0.2936534976106765,0.2936534976106765,0.2936534976106765,0.2936534976106765,0.2936534976106765,0.2936534976106765
_29,w,Morbidity,Canada,35-64,0.3341614028395638,0.3341614028395638,0.3341614028395638,0.3341614028395638,0.3341614028395638,0.3341614028395638
_29,w,Morbidity,Canada,65+,0.2687667112524038,0.2687667112524038,0.2687667112524038,0.2687667112524038,0.2687667112524038,0.2687667112524038
_29,w,Mortality,Australia,15-34,0.3021021179326216,0.3021021179326216,0.3021021179326216,0.3021021179326216,0.3021021179326216,0.3021021179326216
_29,w,Mortality,Australia,35-64,0.35827296766240585,0.35827296766240585,0.35827296766240585,0.35827296766240585,0.35827296766240585,0.35827296766240585
_29,w,Mortality,Australia,65+,0.2867662980125174,0.2867662980125174,0.2867662980125174,0.2867662980125174,0.2867662980125174,0.2867662980125174
_29,w,Mortality,Canada,15-34,0.2936534976106765,0.2936534976106765,0.2936534976106765,0.2936534976106765,0.2936534976106765,0.2936534976106765
_29,w,Mortality,Canada,35-64,0.3341614028395638,0.3341614028395638,0.3341614028395638,0.3341614028395638,0.3341614028395638,0.3341614028395638
_29,w,Mortality,Canada,65+,0.2687667112524038,0.2687667112524038,0.2687667112524038,0.2687667112524038,0.2687667112524038,0.2687667112524038
_2A,m,Morbidity,Australia,15-34,0.4765960229265534,0.4765960229265534,0.4765960229265534,0.4765960229265534,0.4765960229265534,0.4765960229265534
_2A,m,Morbidity,Australia,35-64,0.5269229912227575,0.5269229912227575,0.5269229912227575,0.5269229912227575,0.5269229912227575,0.5269229912227575
_2A,m,Morbidity,Australia,65+,0.5024085020392198,0.5024085020392198,0.5024085020392198,0.5024085020392198,0.5024085020392198,0.5024085020392198
_2A,m,Morbidity,Canada,15-34,0.4978541721269455,0.4978541721269455,0.4978541721269455,0.4978541721269455,0.4978541721269455,0.4978541721269455
_2A,m,Morbidity,Canada,35-64,0.5197105316860701,0.5197105316860701,0.5197105316860701,0.5197105316860701,0.5197105316860701,0.5197105316860701
_2A,m,Morbidity,Canada,65+,0.48986825712898613,0.48986825712898613,0.48986825712898613,0.48986825712898613,0.48986825712898613,0.48986825712898613
_2A,m,Mortality,Australia,15-34,0.4765960229265534,0.4765960229265534,0.4765960229265534,0.4765960229265534,0.4765960229265534,0.4765960229265534
_2A,m,Mortality,Australia,35-64,0.5269229912227575,0.5269229912227575,0.5269229912227575,0.5269229912227575,0.5269229912227575,0.5269229912227575
_2A,m,Mortality,Australia,65+,0.5024085020392198,0.5024085020392198,0.5024085020392198,0.5024085020392198,0.5024085020392198,0.5024085020392198
_2A,m,Mortality,Canada,15-34,0.4978541721269455,0.4978541721269455,0.4978541721269455,0.4978541721269455,0.4978541721269455,0.4978541721269455
_2A,m,Mortality,Canada,35-64,0.5197105316860701,0.5197105316860701,0.5197105316860701,0.5197105316860701,0.5197105316860701,0.5197105316860701
_2A,m,Mortality,Canada,65+,0.48986825712898613,0.48986825712898613,0.48986825712898613,0.48986825712898613,0.48986825712898613,0.48986825712898613
_2A,w,Morbidity,Australia,15-34,0.3021021179326216,0.3021021179326216,0.3021021179326216,0.3021021179326216,0.3021021179326216,0.3021021179326216
_2A,w,Morbidity,Australia,35-64,0.35827296766240585,0.35827296766240585,0.35827296766240585,0.35827296766240585,0.35827296766240585,0.35827296766240585
_2A,w,Morbidity,Australia,65+,0.2867662980125174,0.2867662980125174,0.2867662980125174,0.2867662980125174,0.2867662980125174,0.2867662980125174
_2A,w,Morbidity,Canada,15-34,0.2936534976106765,0.2936534976106765,0.2936534976106765,0.2936534976106765,0.2936534976106765,0.2936534976106765
_2A,w,Morbidity,Canada,35-64,0.3341614028395638,0.3341614028395638,0.3341614028395638,0.3341614028395638,0.3341614028395638,0.3341614028395638
_2A,w,Morbidity,Canada,65+,0.2687667112524038,0.2687667112524038,0.2687667112524038,0.2687667112524038,0.2687667112524038,0.2687667112524038
_2A,w,Mortality,Australia,15-34,0.3021021179326216,0.3021021179326216,0.3021021179326216,0.3021021179326216,0.3021021179326216,0.3021021179326216
_2A,w,Mortality,Australia,35-64,0.35827296766240585,0.35827296766240585,0.35827296766240585,0.35827296766240585,0.35827296766240585,0.35827296766240585
_2A,w,Mortality,Australia,65+,0.2867662980125174,0.2867662980125174,0.2867662980125174,0.2867662980125174,0.2867662980125174,0.2867662980125174
_2A,w,Mortality,Canada,15-34,0.2936534976106765,0.2936534976106765,0.2936534976106765,0.2936534976106765,0.2936534976106765,0.2936534976106765
_2A,w,Mortality,Canada,35-64,0.3341614028395638,0.3341614028395638,0.3341614028395638,0.3341614028395638,0.3341614028395638,0.3341614028395638
_2A,w,Mortality,Canada,65+,0.2687667112524038,0.2687667112524038,0.2687667112524038,0.2687667112524038,0.2687667112524038,0.2687667112524038
_31,m,Morbidity,Australia,15-34,0.003822138977700641,0.027674200971436632,0.003822138977700641,0.027674200971436632,0.003822138977700641,0.027674200971436632
_31,m,Morbidity,Australia,35-64,0.007323652466597137,0.03458975532908854,0.007323652466597137,0.03458975532908854,0.007323652466597137,0.03458975532908854
_31,m,Morbidity,Australia,65+,0.00152871969570362,0.029637794581323647,0.00152871969570362,0.029637794581323647,0.00152871969570362,0.029637794581323647
_31,m,Morbidity,Canada,15-34,0.003163812608586301,0.02970446451372058,0.003163812608586301,0.02970446451372058,0.003163812608586301,0.02970446451372058
_31,m,Morbidity,Canada,35-64,0.004193955352526874,0.03259396060455977,0.004193955352526874,0.03259396060455977,0.004193955352526874,0.03259396060455977
_31,m,Morbidity,Canada,65+,-0.0028713582781822087,0.026728487860140912,-0.0028713582781822087,0.026728487860140912,-0.0028713582781822087,0.026728487860140912
_31,m,Mortality,Australia,15-34,0.003822138977700641,0.027674200971436632,0.003822138977700641,0.027674200971436632,0.003822138977700641,0.027674200971436632
_31,m,Mortality,Australia,35-64,0.007323652466597137,0.03458975532908854,0.007323652466597137,0.03458975532908854,0.007323652466597137,0.03458975532908854
_31,m,Mortality,Australia,65+,0.00152871969570362,0.029637794581323647,0.00152871969570362,0.029637794581323647,0.00152871969570362,0.029637794581323647
_31,m,Mortality,Canada,15-34,0.003163812608586301,0.02970446451372058,0.003163812608586301,0.02970446451372058,0.003163812608586301,0.02970446451372058
_31,m,Mortality,Canada,35-64,0.004193955352526874,0.03259396060455977,0.004193955352526874,0.03259396060455977,0.004193955352526874,0.03259396060455977
_31,m,Mortality,Canada,65+,-0.0028713582781822087,0.026728487860140912,-0.0028713582781822087,0.026728487860140912,-0.0028713582781822087,0.026728487860140912
_31,w,Morbidity,Australia,15-34,-0.12788431124693328,0.004403210359746508,-0.12788431124693328,0.004403210359746508,-0.12788431124693328,0.004403210359746508
_31,w,Morbidity,Australia,35-64,-0.14911572965744663,0.007037261123317401,-0.14911572965744663,0.007037261123317401,-0.14911572965744663,0.007037261123317401
_31,w,Morbidity,Australia,65+,-0.13536816879768873,0.003120258558346703,-0.13536816879768873,0.003120258558346703,-0.13536816879768873,0.003120258558346703
_31,w,Morbidity,Canada,15-34,-0.1404323249265568,0.003235018656840587,-0.1404323249265568,0.003235018656840587,-0.1404323249265568,0.003235018656840587
_31,w,Morbidity,Canada,35-64,-0.1538438318349954,0.004959094646710867,-0.1538438318349954,0.004959094646710867,-0.1538438318349954,0.004959094646710867
_31,w,Morbidity,Canada,65+,-0.14619450075030685,0.0018481722011423102,-0.14619450075030685,0.0018481722011423102,-0.14619450075030685,0.0018481722011423102
_31,w,Mortality,Australia,15-34,-0.12788431124693328,0.004403210359746508,-0.12788431124693328,0.004403210359746508,-0.12788431124693328,0.004403210359746508
_31,w,Mortality,Australia,35-64,-0.14911572965744663,0.007037261123317401,-0.14911572965744663,0.007037261123317401,-0.14911572965744663,0.007037261123317401
_31,w,Mortality,Australia,65+,-0.13536816879768873,0.003120258558346703,-0.13536816879768873,0.003120258558346703,-0.13536816879768873,0.003120258558346703
_31,w,Mortality,Canada,15-34,-0.1404323249265568,0.003235018656840587,-0.1404323249265568,0.003235018656840587,-0.1404323249265568,0.003235018656840587
_31,w,Mortality,Canada,35-64,-0.1538438318349954,0.004959094646710867,-0.1538438318349954,0.004959094646710867,-0.1538438318349954,0.004959094646710867
_31,w,Mortality,Canada,65+,-0.14619450075030685,0.0018481722011423102,-0.14619450075030685,0.0018481722011423102,-0.14619450075030685,0.0018481722011423102
_45,m,Morbidity,Australia,15-34,0.25368061157070365,0.25368061157070365,0.25368061157070365,0.25368061157070365,0.25368061157070365,0.25368061157070365
_45,m,Morbidity,Australia,35-64,0.2932540794341821,0.2932540794341821,0.2932540794341821,0.2932540794341821,0.2932540794341821,0.2932540794341821
_45,m,Morbidity,Australia,65+,0.2741496271949133,0.2741496271949133,0.2741496271949133,0.2741496271949133,0.2741496271949133,0.2741496271949133
_45,m,Morbidity,Canada,15-34,0.2702864301711525,0.2702864301711525,0.2702864301711525,0.2702864301711525,0.2702864301711525,0.2702864301711525
_45,m,Morbidity,Canada,35-64,0.28776759829857174,0.28776759829857174,0.28776759829857174,0.28776759829857174,0.28776759829857174,0.28776759829857174
_45,m,Morbidity,Canada,65+,0.2648798606578109,0.2648798606578109,0.2648798606578109,0.2648798606578109,0.2648798606578109,0.2648798606578109
_45,m,Mortality,Australia,15-34,0.25368061157070365,0.25368061157070365,0.25368061157070365,0.25368061157070365,0.25368061157070365,0.25368061157070365
_45,m,Mortality,Australia,35-64,0.2932540794341821,0.2932540794341821,0.2932540794341821,0.2932540794341821,0.2932540794341821,0.2932540794341821
_45,m,Mortality,Australia,65+,0.2741496271949133,0.2741496271949133,0.2741496271949133,0.2741496271949133,0.2741496271949133,0.2741496271949133
_45,m,Mortality,Canada,15-34,0.2702864301711525,0.2702864301711525,0.2702864301711525,0.2702864301711525,0.2702864301711525,0.2702864301711525
_45,m,Mortality,Canada,35-64,0.28776759829857174,0.28776759829857174,0.28776759829857174,0.28776759829857174,0.28776759829857174,0.28776759829857174
_45,m,Mortality,Canada,65+,0.2648798606578109,0.2648798606578109,0.2648798606578109,0.2648798606578109,0.2648798606578109,0.2648798606578109
_45,w,Morbidity,Australia,15-34,0.14099692372275166,0.14099692372275166,0.14099692372275166,0.14099692372275166,0.14099692372275166,0.14099692372275166
_45,w,Morbidity,Australia,35-64,0.174560751235577,0.174560751235577,0.174560751235577,0.174560751235577,0.174560751235577,0.174560751235577
_45,w,Morbidity,Australia,65+,0.1323343272901845,0.1323343272901845,0.1323343272901845,0.1323343272901845,0.1323343272901845,0.1323343272901845
_45,w,Morbidity,Canada,15-34,0.1362209341392503,0.1362209341392503,0.1362209341392503,0.1362209341392503,0.1362209341392503,0.1362209341392503
_45,w,Morbidity,Canada,35-64,0.15988724887266526,0.15988724887266526,0.15988724887266526,0.15988724887266526,0.15988724887266526,0.15988724887266526
_45,w,Morbidity,Canada,65+,0.1222958030484332,0.1222958030484332,0.1222958030484332,0.1222958030484332,0.1222958030484332,0.1222958030484332
_45,w,Mortality,Australia,15-34,0.14099692372275166,0.14099692372275166,0.14099692372275166,0.14099692372275166,0.14099692372275166,0.14099692372275166
_45,w,Mortality,Australia,35-64,0.174560751235577,0.174560751235577,0.174560751235577,0.174560751235577,0.174560751235577,0.174560751235577
_45,w,Mortality,Australia,65+,0.1323343272901845,0.1323343272901845,0.1323343272901845,0.1323343272901845,0.1323343272901845,0.1323343272901845
_45,w,Mortality,Canada,15-34,0.1362209341392503,0.1362209341392503,0.1362209341392503,0.1362209341392503,0.1362209341392503,0.1362209341392503
_45,w,Mortality,Canada,35-64,0.15988724887266526,0.15988724887266526,0.15988724887266526,0.15988724887266526,0.15988724887266526,0.15988724887266526
_45,w,Mortality,Canada,65+,0.1222958030484332,0.1222958030484332,0.1222958030484332,0.1222958030484332,0.1222958030484332,0.1222958030484332
_51,m,Morbidity,Australia,15-34,0.18509775310761425,0.1851601912432879,0.18509775310761425,0.1851601912432879,0.18509775310761425,0.1851601912432879
_51,m,Morbidity,Australia,35-64,0.21788402365113654,0.21794936508870796,0.21788402365113654,0.21794936508870796,0.21788402365113654,0.21794936508870796
_51,m,Morbidity,Australia,65+,0.20069325508292857,0.20076534967619372,0.20069325508292857,0.20076534967619372,0.20069325508292857,0.20076534967619372
_51,m,Morbidity,Canada,15-34,0.19809694858036794,0.19816479407481621,0.19809694858036794,0.19816479407481621,0.19809694858036794,0.19816479407481621
_51,m,Morbidity,Canada,35-64,0.21249031410971247,0.2125602772178643,0.21249031410971247,0.2125602772178643,0.21249031410971247,0.2125602772178643
_51,m,Morbidity,Canada,65+,0.19191010090374847,0.1919894916270348,0.19191010090374847,0.1919894916270348,0.19191010090374847,0.1919894916270348
_51,m,Mortality,Australia,15-34,0.18509775310761425,0.1851601912432879,0.18509775310761425,0.1851601912432879,0.18509775310761425,0.1851601912432879
_51,m,Mortality,Australia,35-64,0.21788402365113654,0.21794936508870796,0.21788402365113654,0.21794936508870796,0.21788402365113654,0.21794936508870796
_51,m,Mortality,Australia,65+,0.20069325508292857,0.20076534967619372,0.20069325508292857,0.20076534967619372,0.20069325508292857,0.20076534967619372
_51,m,Mortality,Canada,15-34,0.19809694858036794,0.19816479407481621,0.19809694858036794,0.19816479407481621,0.19809694858036794,0.19816479407481621
_51,m,Mortality,Canada,35-64,0.21249031410971247,0.2125602772178643,0.21249031410971247,0.2125602772178643,0.21249031410971247,0.2125602772178643
_51,m,Mortality,Canada,65+,0.19191010090374847,0.1919894916270348,0.19191010090374847,0.1919894916270348,0.19191010090374847,0.1919894916270348
_51,w,Morbidity,Australia,15-34,0.08969331653375993,0.08980576442082093,0.08969331653375993,0.08980576442082093,0.08969331653375993,0.08980576442082093
_51,w,Morbidity,Australia,35-64,0.11492038647982766,0.1150382805503529,0.11492038647982766,0.1150382805503529,0.11492038647982766,0.1150382805503529
_51,w,Morbidity,Australia,65+,0.08159881686356775,0.08172432102218978,0.08159881686356775,0.08172432102218978,0.08159881686356775,0.08172432102218978
_51,w,Morbidity,Canada,15-34,0.08416443689269837,0.08429327786587962,0.08416443689269837,0.08429327786587962,0.08416443689269837,0.08429327786587962
_51,w,Morbidity,Canada,35-64,0.10225091134709954,0.10238006919655769,0.10225091134709954,0.10238006919655769,0.10225091134709954,0.10238006919655769
_51,w,Morbidity,Canada,65+,0.07151906713073923,0.07166599676768987,0.07151906713073923,0.07166599676768987,0.07151906713073923,0.07166599676768987
_51,w,Mortality,Australia,15-34,0.08969331653375993,0.08980576442082093,0.08969331653375993,0.08980576442082093,0.08969331653375993,0.08980576442082093
_51,w,Mortality,Australia,35-64,0.11492038647982766,0.1150382805503529,0.11492038647982766,0.1150382805503529,0.11492038647982766,0.1150382805503529
_51,w,Mortality,Australia,65+,0.08159881686356775,0.08172432102218978,0.08159881686356775,0.08172432102218978,0.08159881686356775,0.08172432102218978
_51,w,Mortality,Canada,15-34,0.08416443689269837,0.08429327786587962,0.08416443689269837,0.08429327786587962,0.08416443689269837,0.08429327786587962
_51,w,Mortality,Canada,35-64,0.10225091134709954,0.10238006919655769,0.10225091134709954,0.10238006919655769,0.10225091134709954,0.10238006919655769
_51,w,Mortality,Canada,65+,0.07151906713073923,0.07166599676768987,0.07151906713073923,0.07166599676768987,0.07151906713073923,0.07166599676768987
_52,m,Morbidity,Australia,15-34,-0.053796008096909015,0.014705361710367204,-0.40810303197599507,0,0.04425823819532398,0.04425823819532398
_52,m,Morbidity,Australia,35-64,-0.06088338658488354,0.018927668889022514,-0.5254405870129172,0,0.05343457383716299,0.05343457383716299
_52,m,Morbidity,Australia,65+,-0.06574586365232872,0.015307399620096898,-0.4960585850665669,0,0.049017460334867924,0.049017460334867924
_52,m,Morbidity,Canada,15-34,-0.06096671436948758,0.015626803755173797,-0.46914301515706136,0,0.04806632828033884,0.04806632828033884
_52,m,Morbidity,Canada,35-64,-0.06532236650548995,0.01730037387981262,-0.5283919119919277,0,0.05218204539477267,0.05218204539477267
_52,m,Morbidity,Canada,65+,-0.07140142601675575,0.013117743879497755,-0.49599126904418955,0,0.04701260056575776,0.04701260056575776
_52,m,Mortality,Australia,15-34,-0.053796008096909015,0.014705361710367204,-0.0058909175389654875,0.07999395897276393,0.04425823819532398,0.04425823819532398
_52,m,Mortality,Australia,35-64,-0.06088338658488354,0.018927668889022514,0.005860815005235054,0.10221204708658034,0.05343457383716299,0.05343457383716299
_52,m,Mortality,Australia,65+,-0.06574586365232872,0.015307399620096898,-0.019661572432030837,0.08195878519704757,0.049017460334867924,0.049017460334867924
_52,m,Mortality,Canada,15-34,-0.06096671436948758,0.015626803755173797,-0.011269782448899188,0.08423876805855332,0.04806632828033884,0.04806632828033884
_52,m,Mortality,Canada,35-64,-0.06532236650548995,0.01730037387981262,-0.00869448570675927,0.09287839031956778,0.05218204539477267,0.05218204539477267
_52,m,Mortality,Canada,65+,-0.07140142601675575,0.013117743879497755,-0.039161438651287205,0.06936337326215199,0.04701260056575776,0.04701260056575776
_52,w,Morbidity,Australia,15-34,-0.0736207781953874,0.003715313175869001,-0.28489516697717865,0.012158529106701385,-0.28489516697717865,0.012158529106701385
_52,w,Morbidity,Australia,35-64,-0.08487484949607832,0.006184662622587592,-0.33291189241473546,0.02006904551334897,-0.33291189241473546,0.02006904551334897
_52,w,Morbidity,Australia,65+,-0.07770690913939389,0.0025039056761569298,-0.3100020266942241,0.008247808647900158,-0.3100020266942241,0.008247808647900158
_52,w,Morbidity,Canada,15-34,-0.0804623599536827,0.002597381787421252,-0.32340305967065164,0.008553540317696024,-0.32340305967065164,0.008553540317696024
_52,w,Morbidity,Canada,35-64,-0.08772372360578484,0.004162783590664904,-0.35353448951965605,0.0136142273870931,-0.35353448951965605,0.0136142273870931
_52,w,Morbidity,Canada,65+,-0.08318962957535031,0.0013707972509840276,-0.3473448283732613,0.004555972632314357,-0.3473448283732613,0.004555972632314357
_52,w,Mortality,Australia,15-34,-0.0736207781953874,0.003715313175869001,-0.0029972379937967856,0.06038436043915697,-0.0029972379937967856,0.06038436043915697
_52,w,Mortality,Australia,35-64,-0.08487484949607832,0.006184662622587592,0.022613444736829802,0.09074662153628556,0.022613444736829802,0.09074662153628556
_52,w,Mortality,Australia,65+,-0.07770690913939389,0.0025039056761569298,-0.024382654789547976,0.045419134441077626,-0.024382654789547976,0.045419134441077626
_52,w,Mortality,Canada,15-34,-0.0804623599536827,0.002597381787421252,-0.025014949254445033,0.046994004468857334,-0.025014949254445033,0.046994004468857334
_52,w,Mortality,Canada,35-64,-0.08772372360578484,0.004162783590664904,-0.0064498558045878495,0.06780698685097596,-0.0064498558045878495,0.06780698685097596
_52,w,Mortality,Canada,65+,-0.08318962957535031,0.0013707972509840276,-0.04958055358504796,0.02972839733283133,-0.04958055358504796,0.02972839733283133
_54,m,Morbidity,Australia,15-34,0.12829822672622526,0.12829822672622526,0.12829822672622526,0.12829822672622526,0.12829822672622526,0.12829822672622526
_54,m,Morbidity,Australia,35-64,0.15387989613408806,0.15387989613408806,0.15387989613408806,0.15387989613408806,0.15387989613408806,0.15387989613408806
_54,m,Morbidity,Australia,65+,0.13901892785094494,0.13901892785094494,0.13901892785094494,0.13901892785094494,0.13901892785094494,0.13901892785094494
_54,m,Morbidity,Canada,15-34,0.13763441233401855,0.13763441233401855,0.13763441233401855,0.13763441233401855,0.13763441233401855,0.13763441233401855
_54,m,Morbidity,Canada,35-64,0.14870032340845263,0.14870032340845263,0.14870032340845263,0.14870032340845263,0.14870032340845263,0.14870032340845263
_54,m,Morbidity,Canada,65+,0.13123648605960087,0.13123648605960087,0.13123648605960087,0.13123648605960087,0.13123648605960087,0.13123648605960087
_54,m,Mortality,Australia,15-34,0.12829822672622526,0.12829822672622526,0.12829822672622526,0.12829822672622526,0.12829822672622526,0.12829822672622526
_54,m,Mortality,Australia,35-64,0.15387989613408806,0.15387989613408806,0.15387989613408806,0.15387989613408806,0.15387989613408806,0.15387989613408806
_54,m,Mortality,Australia,65+,0.13901892785094494,0.13901892785094494,0.13901892785094494,0.13901892785094494,0.13901892785094494,0.13901892785094494
_54,m,Mortality,Canada,15-34,0.13763441233401855,0.13763441233401855,0.13763441233401855,0.13763441233401855,0.13763441233401855,0.13763441233401855
_54,m,Mortality,Canada,35-64,0.14870032340845263,0.14870032340845263,0.14870032340845263,0.14870032340845263,0.14870032340845263,0.14870032340845263
_54,m,Mortality,Canada,65+,0.13123648605960087,0.13123648605960087,0.13123648605960087,0.13123648605960087,0.13123648605960087,0.13123648605960087
_54,w,Morbidity,Australia,15-34,0.05909767800809737,0.05909767800809737,0.05909767800809737,0.05909767800809737,0.05909767800809737,0.05909767800809737
_54,w,Morbidity,Australia,35-64,0.0758468267681934,0.0758468267681934,0.0758468267681934,0.0758468267681934,0.0758468267681934,0.0758468267681934
_54,w,Morbidity,Australia,65+,0.054507457756513986,0.054507457756513986,0.054507457756513986,0.054507457756513986,0.054507457756513986,0.054507457756513986
_54,w,Morbidity,Canada,15-34,0.05626194020170144,0.05626194020170144,0.05626194020170144,0.05626194020170144,0.05626194020170144,0.05626194020170144
_54,w,Morbidity,Canada,35-64,0.06778553718735261,0.06778553718735261,0.06778553718735261,0.06778553718735261,0.06778553718735261,0.06778553718735261
_54,w,Morbidity,Canada,65+,0.049492400577359486,0.049492400577359486,0.049492400577359486,0.049492400577359486,0.049492400577359486,0.049492400577359486
_54,w,Mortality,Australia,15-34,0.05909767800809737,0.05909767800809737,0.05909767800809737,0.05909767800809737,0.05909767800809737,0.05909767800809737
_54,w,Mortality,Australia,35-64,0.0758468267681934,0.0758468267681934,0.0758468267681934,0.0758468267681934,0.0758468267681934,0.0758468267681934
_54,w,Mortality,Australia,65+,0.054507457756513986,0.054507457756513986,0.054507457756513986,0.054507457756513986,0.054507457756513986,0.054507457756513986
_54,w,Mortality,Canada,15-34,0.05626194020170144,0.05626194020170144,0.05626194020170144,0.05626194020170144,0.05626194020170144,0.05626194020170144
_54,w,Mortality,Canada,35-64,0.06778553718735261,0.06778553718735261,0.06778553718735261,0.06778553718735261,0.06778553718735261,0.06778553718735261
_54,w,Mortality,Canada,65+,0.049492400577359486,0.049492400577359486,0.049492400577359486,0.049492400577359486,0.049492400577359486,0.049492400577359486
_55,m,Morbidity,Australia,15-34,0.16869310103439952,0.16869310103439952,0.16869310103439952,0.16869310103439952,0.16869310103439952,0.16869310103439952
_55,m,Morbidity,Australia,35-64,0.2003398480441613,0.2003398480441613,0.2003398480441613,0.2003398480441613,0.2003398480441613,0.2003398480441613
_55,m,Morbidity,Australia,65+,0.18214614571780322,0.18214614571780322,0.18214614571780322,0.18214614571780322,0.18214614571780322,0.18214614571780322
_55,m,Morbidity,Canada,15-34,0.1803933120194865,0.1803933120194865,0.1803933120194865,0.1803933120194865,0.1803933120194865,0.1803933120194865
_55,m,Morbidity,Canada,35-64,0.1941009170413708,0.1941009170413708,0.1941009170413708,0.1941009170413708,0.1941009170413708,0.1941009170413708
_55,m,Morbidity,Canada,65+,0.172363747748514,0.172363747748514,0.172363747748514,0.172363747748514,0.172363747748514,0.172363747748514
_55,m,Mortality,Australia,15-34,0.16869310103439952,0.16869310103439952,0.16869310103439952,0.16869310103439952,0.16869310103439952,0.16869310103439952
_55,m,Mortality,Australia,35-64,0.2003398480441613,0.2003398480441613,0.2003398480441613,0.2003398480441613,0.2003398480441613,0.2003398480441613
_55,m,Mortality,Australia,65+,0.18214614571780322,0.18214614571780322,0.18214614571780322,0.18214614571780322,0.18214614571780322,0.18214614571780322
_55,m,Mortality,Canada,15-34,0.1803933120194865,0.1803933120194865,0.1803933120194865,0.1803933120194865,0.1803933120194865,0.1803933120194865
_55,m,Mortality,Canada,35-64,0.1941009170413708,0.1941009170413708,0.1941009170413708,0.1941009170413708,0.1941009170413708,0.1941009170413708
_55,m,Mortality,Canada,65+,0.172363747748514,0.172363747748514,0.172363747748514,0.172363747748514,0.172363747748514,0.172363747748514
_55,w,Morbidity,Australia,15-34,0.07118575184815354,0.07118575184815354,0.07118575184815354,0.07118575184815354,0.07118575184815354,0.07118575184815354
_55,w,Morbidity,Australia,35-64,0.0945355867834957,0.0945355867834957,0.0945355867834957,0.0945355867834957,0.0945355867834957,0.0945355867834957
_55,w,Morbidity,Australia,65+,0.06235944476911236,0.06235944476911236,0.06235944476911236,0.06235944476911236,0.06235944476911236,0.06235944476911236
_55,w,Morbidity,Canada,15-34,0.06438512343951563,0.06438512343951563,0.06438512343951563,0.06438512343951563,0.06438512343951563,0.06438512343951563
_55,w,Morbidity,Canada,35-64,0.0810709046005055,0.0810709046005055,0.0810709046005055,0.0810709046005055,0.0810709046005055,0.0810709046005055
_55,w,Morbidity,Canada,65+,0.05186239209833562,0.05186239209833562,0.05186239209833562,0.05186239209833562,0.05186239209833562,0.05186239209833562
_55,w,Mortality,Australia,15-34,0.07118575184815354,0.07118575184815354,0.07118575184815354,0.07118575184815354,0.07118575184815354,0.07118575184815354
_55,w,Mortality,Australia,35-64,0.0945355867834957,0.0945355867834957,0.0945355867834957,0.0945355867834957,0.0945355867834957,0.0945355867834957
_55,w,Mortality,Australia,65+,0.06235944476911236,0.06235944476911236,0.06235944476911236,0.06235944476911236,0.06235944476911236,0.06235944476911236
_55,w,Mortality,Canada,15-34,0.06438512343951563,0.06438512343951563,0.06438512343951563,0.06438512343951563,0.06438512343951563,0.06438512343951563
_55,w,Mortality,Canada,35-64,0.0810709046005055,0.0810709046005055,0.0810709046005055,0.0810709046005055,0.0810709046005055,0.0810709046005055
_55,w,Mortality,Canada,65+,0.05186239209833562,0.05186239209833562,0.05186239209833562,0.05186239209833562,0.05186239209833562,0.05186239209833562
_56,m,Morbidity,Australia,15-34,0.03466206928766605,0.05478003927856552,0.03466206928766605,0.05478003927856552,0.03466206928766605,0.05478003927856552
_56,m,Morbidity,Australia,35-64,0.045133944513762805,0.06766276987594418,0.045133944513762805,0.06766276987594418,0.045133944513762805,0.06766276987594418
_56,m,Morbidity,Australia,65+,0.03510913473295354,0.05887034339402643,0.03510913473295354,0.05887034339402643,0.03510913473295354,0.05887034339402643
_56,m,Morbidity,Canada,15-34,0.036457220111437684,0.058799452968952476,0.036457220111437684,0.058799452968952476,0.036457220111437684,0.058799452968952476
_56,m,Morbidity,Canada,35-64,0.040522437150781465,0.06424207569734924,0.040522437150781465,0.06424207569734924,0.040522437150781465,0.06424207569734924
_56,m,Morbidity,Canada,65+,0.028273517528283703,0.05372618149384848,0.028273517528283703,0.05372618149384848,0.028273517528283703,0.05372618149384848
_56,m,Mortality,Australia,15-34,0.03466206928766605,0.05478003927856552,0.03466206928766605,0.05478003927856552,0.03466206928766605,0.05478003927856552
_56,m,Mortality,Australia,35-64,0.045133944513762805,0.06766276987594418,0.045133944513762805,0.06766276987594418,0.045133944513762805,0.06766276987594418
_56,m,Mortality,Australia,65+,0.03510913473295354,0.05887034339402643,0.03510913473295354,0.05887034339402643,0.03510913473295354,0.05887034339402643
_56,m,Mortality,Canada,15-34,0.036457220111437684,0.058799452968952476,0.036457220111437684,0.058799452968952476,0.036457220111437684,0.058799452968952476
_56,m,Mortality,Canada,35-64,0.040522437150781465,0.06424207569734924,0.040522437150781465,0.06424207569734924,0.040522437150781465,0.06424207569734924
_56,m,Mortality,Canada,65+,0.028273517528283703,0.05372618149384848,0.028273517528283703,0.05372618149384848,0.028273517528283703,0.05372618149384848
_56,w,Morbidity,Australia,15-34,-0.06492085456838538,0.012962151860151165,-0.06492085456838538,0.012962151860151165,-0.06492085456838538,0.012962151860151165
_56,w,Morbidity,Australia,35-64,-0.07069761208690993,0.018984149644930004,-0.07069761208690993,0.018984149644930004,-0.07069761208690993,0.018984149644930004
_56,w,Morbidity,Australia,65+,-0.07223679884850212,0.010175876601229615,-0.07223679884850212,0.010175876601229615,-0.07223679884850212,0.010175876601229615
_56,w,Morbidity,Canada,15-34,-0.07474892220116156,0.010536777452569906,-0.07474892220116156,0.010536777452569906,-0.07474892220116156,0.010536777452569906
_56,w,Morbidity,Canada,35-64,-0.07772834623666945,0.01473805859185065,-0.07772834623666945,0.01473805859185065,-0.07772834623666945,0.01473805859185065
_56,w,Morbidity,Canada,65+,-0.08228846971301777,0.007042849018500952,-0.08228846971301777,0.007042849018500952,-0.08228846971301777,0.007042849018500952
_56,w,Mortality,Australia,15-34,-0.06492085456838538,0.012962151860151165,-0.06492085456838538,0.012962151860151165,-0.06492085456838538,0.012962151860151165
_56,w,Mortality,Australia,35-64,-0.07069761208690993,0.018984149644930004,-0.07069761208690993,0.018984149644930004,-0.07069761208690993,0.018984149644930004
_56,w,Mortality,Australia,65+,-0.07223679884850212,0.010175876601229615,-0.07223679884850212,0.010175876601229615,-0.07223679884850212,0.010175876601229615
_56,w,Mortality,Canada,15-34,-0.07474892220116156,0.010536777452569906,-0.07474892220116156,0.010536777452569906,-0.07474892220116156,0.010536777452569906
_56,w,Mortality,Canada,35-64,-0.07772834623666945,0.01473805859185065,-0.07772834623666945,0.01473805859185065,-0.07772834623666945,0.01473805859185065
_56,w,Mortality,Canada,65+,-0.08228846971301777,0.007042849018500952,-0.08228846971301777,0.007042849018500952,-0.08228846971301777,0.007042849018500952
_62,m,Morbidity,Australia,15-34,0.6831975456007279,0.6831975456007279,0.6831975456007279,0.6831975456007279,0.6831975456007279,0.6831975456007279
_62,m,Morbidity,Australia,35-64,0.7315344069957949,0.7315344069957949,0.7315344069957949,0.7315344069957949,0.7315344069957949,0.7315344069957949
_62,m,Morbidity,Australia,65+,0.6976467444656426,0.6976467444656426,0.6976467444656426,0.6976467444656426,0.6976467444656426,0.6976467444656426
_62,m,Morbidity,Canada,15-34,0.6984931519810081,0.6984931519810081,0.6984931519810081,0.6984931519810081,0.6984931519810081,0.6984931519810081
_62,m,Morbidity,Canada,35-64,0.7184498262542303,0.7184498262542303,0.7184498262542303,0.7184498262542303,0.7184498262542303,0.7184498262542303
_62,m,Morbidity,Canada,65+,0.6742992132605267,0.6742992132605267,0.6742992132605267,0.6742992132605267,0.6742992132605267,0.6742992132605267
_62,m,Mortality,Australia,15-34,0.6831975456007279,0.6831975456007279,0.6831975456007279,0.6831975456007279,0.6831975456007279,0.6831975456007279
_62,m,Mortality,Australia,35-64,0.7315344069957949,0.7315344069957949,0.7315344069957949,0.7315344069957949,0.7315344069957949,0.7315344069957949
_62,m,Mortality,Australia,65+,0.6976467444656426,0.6976467444656426,0.6976467444656426,0.6976467444656426,0.6976467444656426,0.6976467444656426
_62,m,Mortality,Canada,15-34,0.6984931519810081,0.6984931519810081,0.6984931519810081,0.6984931519810081,0.6984931519810081,0.6984931519810081
_62,m,Mortality,Canada,35-64,0.7184498262542303,0.7184498262542303,0.7184498262542303,0.7184498262542303,0.7184498262542303,0.7184498262542303
_62,m,Mortality,Canada,65+,0.6742992132605267,0.6742992132605267,0.6742992132605267,0.6742992132605267,0.6742992132605267,0.6742992132605267
_62,w,Morbidity,Australia,15-34,0.3821075052431414,0.3821075052431414,0.3821075052431414,0.3821075052431414,0.3821075052431414,0.3821075052431414
_62,w,Morbidity,Australia,35-64,0.4653780723140185,0.4653780723140185,0.4653780723140185,0.4653780723140185,0.4653780723140185,0.4653780723140185
_62,w,Morbidity,Australia,65+,0.3425359225274845,0.3425359225274845,0.3425359225274845,0.3425359225274845,0.3425359225274845,0.3425359225274845
_62,w,Morbidity,Canada,15-34,0.3503196374951308,0.3503196374951308,0.3503196374951308,0.3503196374951308,0.3503196374951308,0.3503196374951308
_62,w,Morbidity,Canada,35-64,0.41495354634427933,0.41495354634427933,0.41495354634427933,0.41495354634427933,0.41495354634427933,0.41495354634427933
_62,w,Morbidity,Canada,65+,0.2941692773524922,0.2941692773524922,0.2941692773524922,0.2941692773524922,0.2941692773524922,0.2941692773524922
_62,w,Mortality,Australia,15-34,0.3821075052431414,0.3821075052431414,0.3821075052431414,0.3821075052431414,0.3821075052431414,0.3821075052431414
_62,w,Mortality,Australia,35-64,0.4653780723140185,0.4653780723140185,0.4653780723140185,0.4653780723140185,0.4653780723140185,0.4653780723140185
_62,w,Mortality,Australia,65+,0.3425359225274845,0.3425359225274845,0.3425359225274845,0.3425359225274845,0.3425359225274845,0.3425359225274845
_62,w,Mortality,Canada,15-34,0.3503196374951308,0.3503196374951308,0.3503196374951308,0.3503196374951308,0.3503196374951308,0.3503196374951308
_62,w,Mortality,Canada,35-64,0.41495354634427933,0.41495354634427933,0.41495354634427933,0.41495354634427933,0.41495354634427933,0.41495354634427933
_62,w,Mortality,Canada,65+,0.2941692773524922,0.2941692773524922,0.2941692773524922,0.2941692773524922,0.2941692773524922,0.2941692773524922
_66,m,Morbidity,Australia,15-34,0.3596954001663571,0.3596954001663571,0.3596954001663571,0.3596954001663571,0.3596954001663571,0.3596954001663571
_66,m,Morbidity,Australia,35-64,0.41670933810881894,0.41670933810881894,0.41670933810881894,0.41670933810881894,0.41670933810881894,0.41670933810881894
_66,m,Morbidity,Australia,65+,0.3737621862373573,0.3737621862373573,0.3737621862373573,0.3737621862373573,0.3737621862373573,0.3737621862373573
_66,m,Morbidity,Canada,15-34,0.3757267304267223,0.3757267304267223,0.3757267304267223,0.3757267304267223,0.3757267304267223,0.3757267304267223
_66,m,Morbidity,Canada,35-64,0.39909029207308155,0.39909029207308155,0.39909029207308155,0.39909029207308155,0.39909029207308155,0.39909029207308155
_66,m,Morbidity,Canada,65+,0.34620392729149335,0.34620392729149335,0.34620392729149335,0.34620392729149335,0.34620392729149335,0.34620392729149335
_66,m,Mortality,Australia,15-34,0.3596954001663571,0.3596954001663571,0.3596954001663571,0.3596954001663571,0.3596954001663571,0.3596954001663571
_66,m,Mortality,Australia,35-64,0.41670933810881894,0.41670933810881894,0.41670933810881894,0.41670933810881894,0.41670933810881894,0.41670933810881894
_66,m,Mortality,Australia,65+,0.3737621862373573,0.3737621862373573,0.3737621862373573,0.3737621862373573,0.3737621862373573,0.3737621862373573
_66,m,Mortality,Canada,15-34,0.3757267304267223,0.3757267304267223,0.3757267304267223,0.3757267304267223,0.3757267304267223,0.3757267304267223
_66,m,Mortality,Canada,35-64,0.39909029207308155,0.39909029207308155,0.39909029207308155,0.39909029207308155,0.39909029207308155,0.39909029207308155
_66,m,Mortality,Canada,65+,0.34620392729149335,0.34620392729149335,0.34620392729149335,0.34620392729149335,0.34620392729149335,0.34620392729149335
_66,w,Morbidity,Australia,15-34,0.13003720813881192,0.13003720813881192,0.13003720813881192,0.13003720813881192,0.13003720813881192,0.13003720813881192
_66,w,Morbidity,Australia,35-64,0.17517108526415423,0.17517108526415423,0.17517108526415423,0.17517108526415423,0.17517108526415423,0.17517108526415423
_66,w,Morbidity,Australia,65+,0.11117755101923485,0.11117755101923485,0.11117755101923485,0.11117755101923485,0.11117755101923485,0.11117755101923485
_66,w,Morbidity,Canada,15-34,0.11462490485476962,0.11462490485476962,0.11462490485476962,0.11462490485476962,0.11462490485476962,0.11462490485476962
_66,w,Morbidity,Canada,35-64,0.1462284517770576,0.1462284517770576,0.1462284517770576,0.1462284517770576,0.1462284517770576,0.1462284517770576
_66,w,Morbidity,Canada,65+,0.09086441227532716,0.09086441227532716,0.09086441227532716,0.09086441227532716,0.09086441227532716,0.09086441227532716
_66,w,Mortality,Australia,15-34,0.13003720813881192,0.13003720813881192,0.13003720813881192,0.13003720813881192,0.13003720813881192,0.13003720813881192
_66,w,Mortality,Australia,35-64,0.17517108526415423,0.17517108526415423,0.17517108526415423,0.17517108526415423,0.17517108526415423,0.17517108526415423
_66,w,Mortality,Australia,65+,0.11117755101923485,0.11117755101923485,0.11117755101923485,0.11117755101923485,0.11117755101923485,0.11117755101923485
_66,w,Mortality,Canada,15-34,0.11462490485476962,0.11462490485476962,0.11462490485476962,0.11462490485476962,0.11462490485476962,0.11462490485476962
_66,w,Mortality,Canada,35-64,0.1462284517770576,0.1462284517770576,0.1462284517770576,0.1462284517770576,0.1462284517770576,0.1462284517770576
_66,w,Mortality,Canada,65+,0.09086441227532716,0.09086441227532716,0.09086441227532716,0.09086441227532716,0.09086441227532716,0.09086441227532716
_71,m,Morbidity,Australia,15-34,0.15058180875401772,0.15058180875401772,0.15058180875401772,0.15058180875401772,0.15058180875401772,0.15058180875401772
_71,m,Morbidity,Australia,35-64,0.17666798823439814,0.17666798823439814,0.17666798823439814,0.17666798823439814,0.17666798823439814,0.17666798823439814
_71,m,Morbidity,Australia,65+,0.16590956592042647,0.16590956592042647,0.16590956592042647,0.16590956592042647,0.16590956592042647,0.16590956592042647
_71,m,Morbidity,Canada,15-34,0.1623956495161965,0.1623956495161965,0.1623956495161965,0.1623956495161965,0.1623956495161965,0.1623956495161965
_71,m,Morbidity,Canada,35-64,0.17421120538895266,0.17421120538895266,0.17421120538895266,0.17421120538895266,0.17421120538895266,0.17421120538895266
_71,m,Morbidity,Canada,65+,0.16175122088585203,0.16175122088585203,0.16175122088585203,0.16175122088585203,0.16175122088585203,0.16175122088585203
_71,m,Mortality,Australia,15-34,0.15058180875401772,0.15058180875401772,0.15058180875401772,0.15058180875401772,0.15058180875401772,0.15058180875401772
_71,m,Mortality,Australia,35-64,0.17666798823439814,0.17666798823439814,0.17666798823439814,0.17666798823439814,0.17666798823439814,0.17666798823439814
_71,m,Mortality,Australia,65+,0.16590956592042647,0.16590956592042647,0.16590956592042647,0.16590956592042647,0.16590956592042647,0.16590956592042647
_71,m,Mortality,Canada,15-34,0.1623956495161965,0.1623956495161965,0.1623956495161965,0.1623956495161965,0.1623956495161965,0.1623956495161965
_71,m,Mortality,Canada,35-64,0.17421120538895266,0.17421120538895266,0.17421120538895266,0.17421120538895266,0.17421120538895266,0.17421120538895266
_71,m,Mortality,Canada,65+,0.16175122088585203,0.16175122088585203,0.16175122088585203,0.16175122088585203,0.16175122088585203,0.16175122088585203
_71,w,Morbidity,Australia,15-34,0.0929287577210907,0.0929287577210907,0.0929287577210907,0.0929287577210907,0.0929287577210907,0.0929287577210907
_71,w,Morbidity,Australia,35-64,0.11320814192038389,0.11320814192038389,0.11320814192038389,0.11320814192038389,0.11320814192038389,0.11320814192038389
_71,w,Morbidity,Australia,65+,0.0900646930459335,0.0900646930459335,0.0900646930459335,0.0900646930459335,0.0900646930459335,0.0900646930459335
_71,w,Morbidity,Canada,15-34,0.09281027374440198,0.09281027374440198,0.09281027374440198,0.09281027374440198,0.09281027374440198,0.09281027374440198
_71,w,Morbidity,Canada,35-64,0.10657679987845811,0.10657679987845811,0.10657679987845811,0.10657679987845811,0.10657679987845811,0.10657679987845811
_71,w,Morbidity,Canada,65+,0.08727795598432446,0.08727795598432446,0.08727795598432446,0.08727795598432446,0.08727795598432446,0.08727795598432446
_71,w,Mortality,Australia,15-34,0.0929287577210907,0.0929287577210907,0.0929287577210907,0.0929287577210907,0.0929287577210907,0.0929287577210907
_71,w,Mortality,Australia,35-64,0.11320814192038389,0.11320814192038389,0.11320814192038389,0.11320814192038389,0.11320814192038389,0.11320814192038389
_71,w,Mortality,Australia,65+,0.0900646930459335,0.0900646930459335,0.0900646930459335,0.0900646930459335,0.0900646930459335,0.0900646930459335
_71,w,Mortality,Canada,15-34,0.09281027374440198,0.09281027374440198,0.09281027374440198,0.09281027374440198,0.09281027374440198,0.09281027374440198
_71,w,Mortality,Canada,35-64,0.10657679987845811,0.10657679987845811,0.10657679987845811,0.10657679987845811,0.10657679987845811,0.10657679987845811
_71,w,Mortality,Canada,65+,0.08727795598432446,0.08727795598432446,0.08727795598432446,0.08727795598432446,0.08727795598432446,0.08727795598432446
_80,m,Morbidity,Australia,15-34,0.08689464609879309,0.08689464609879309,0.08689464609879309,0.08689464609879309,0.08689464609879309,0.08689464609879309
_80,m,Morbidity,Australia,35-64,0.10277652355334055,0.10277652355334055,0.10277652355334055,0.10277652355334055,0.10277652355334055,0.10277652355334055
_80,m,Morbidity,Australia,65+,0.09698794266613954,0.09698794266613954,0.09698794266613954,0.09698794266613954,0.09698794266613954,0.09698794266613954
_80,m,Morbidity,Canada,15-34,0.09445803235708065,0.09445803235708065,0.09445803235708065,0.09445803235708065,0.09445803235708065,0.09445803235708065
_80,m,Morbidity,Canada,35-64,0.10179266642034504,0.10179266642034504,0.10179266642034504,0.10179266642034504,0.10179266642034504,0.10179266642034504
_80,m,Morbidity,Canada,65+,0.09513327243696747,0.09513327243696747,0.09513327243696747,0.09513327243696747,0.09513327243696747,0.09513327243696747
_80,m,Mortality,Australia,15-34,0.08689464609879309,0.08689464609879309,0.08689464609879309,0.08689464609879309,0.08689464609879309,0.08689464609879309
_80,m,Mortality,Australia,35-64,0.10277652355334055,0.10277652355334055,0.10277652355334055,0.10277652355334055,0.10277652355334055,0.10277652355334055
_80,m,Mortality,Australia,65+,0.09698794266613954,0.09698794266613954,0.09698794266613954,0.09698794266613954,0.09698794266613954,0.09698794266613954
_80,m,Mortality,Canada,15-34,0.09445803235708065,0.09445803235708065,0.09445803235708065,0.09445803235708065,0.09445803235708065,0.09445803235708065
_80,m,Mortality,Canada,35-64,0.10179266642034504,0.10179266642034504,0.10179266642034504,0.10179266642034504,0.10179266642034504,0.10179266642034504
_80,m,Mortality,Canada,65+,0.09513327243696747,0.09513327243696747,0.09513327243696747,0.09513327243696747,0.09513327243696747,0.09513327243696747
_80,w,Morbidity,Australia,15-34,0.05490830071514191,0.05490830071514191,0.05490830071514191,0.05490830071514191,0.05490830071514191,0.05490830071514191
_80,w,Morbidity,Australia,35-64,0.06713463358548544,0.06713463358548544,0.06713463358548544,0.06713463358548544,0.06713463358548544,0.06713463358548544
_80,w,Morbidity,Australia,65+,0.05338667693498734,0.05338667693498734,0.05338667693498734,0.05338667693498734,0.05338667693498734,0.05338667693498734
_80,w,Morbidity,Canada,15-34,0.055079956557591,0.055079956557591,0.055079956557591,0.055079956557591,0.055079956557591,0.055079956557591
_80,w,Morbidity,Canada,35-64,0.06339960112117164,0.06339960112117164,0.06339960112117164,0.06339960112117164,0.06339960112117164,0.06339960112117164
_80,w,Morbidity,Canada,65+,0.05181894585574831,0.05181894585574831,0.05181894585574831,0.05181894585574831,0.05181894585574831,0.05181894585574831
_80,w,Mortality,Australia,15-34,0.05490830071514191,0.05490830071514191,0.05490830071514191,0.05490830071514191,0.05490830071514191,0.05490830071514191
_80,w,Mortality,Australia,35-64,0.06713463358548544,0.06713463358548544,0.06713463358548544,0.06713463358548544,0.06713463358548544,0.06713463358548544
_80,w,Mortality,Australia,65+,0.05338667693498734,0.05338667693498734,0.05338667693498734,0.05338667693498734,0.05338667693498734,0.05338667693498734
_80,w,Mortality,Canada,15-34,0.055079956557591,0.055079956557591,0.055079956557591,0.055079956557591,0.055079956557591,0.055079956557591
_80,w,Mortality,Canada,35-64,0.06339960112117164,0.06339960112117164,0.06339960112117164,0.06339960112117164,0.06339960112117164,0.06339960112117164
_80,w,Mortality,Canada,65+,0.05181894585574831,0.05181894585574831,0.05181894585574831,0.05181894585574831,0.05181894585574831,0.05181894585574831
_90,m,Morbidity,Australia,15-34,0.18643136086912052,0.18643136086912052,0.18643136086912052,0.18643136086912052,0.18643136086912052,0.18643136086912052
_90,m,Morbidity,Australia,35-64,0.2195073038922664,0.2195073038922664,0.2195073038922664,0.2195073038922664,0.2195073038922664,0.2195073038922664
_90,m,Morbidity,Australia,65+,0.20204034988135072,0.20204034988135072,0.20204034988135072,0.20204034988135072,0.20204034988135072,0.20204034988135072
_90,m,Morbidity,Canada,15-34,0.19946846050938274,0.19946846050938274,0.19946846050938274,0.19946846050938274,0.19946846050938274,0.19946846050938274
_90,m,Morbidity,Canada,35-64,0.21395760413518466,0.21395760413518466,0.21395760413518466,0.21395760413518466,0.21395760413518466,0.21395760413518466
_90,m,Morbidity,Canada,65+,0.1932177795189448,0.1932177795189448,0.1932177795189448,0.1932177795189448,0.1932177795189448,0.1932177795189448
_90,m,Mortality,Australia,15-34,0.18643136086912052,0.18643136086912052,0.18643136086912052,0.18643136086912052,0.18643136086912052,0.18643136086912052
_90,m,Mortality,Australia,35-64,0.2195073038922664,0.2195073038922664,0.2195073038922664,0.2195073038922664,0.2195073038922664,0.2195073038922664
_90,m,Mortality,Australia,65+,0.20204034988135072,0.20204034988135072,0.20204034988135072,0.20204034988135072,0.20204034988135072,0.20204034988135072
_90,m,Mortality,Canada,15-34,0.19946846050938274,0.19946846050938274,0.19946846050938274,0.19946846050938274,0.19946846050938274,0.19946846050938274
_90,m,Mortality,Canada,35-64,0.21395760413518466,0.21395760413518466,0.21395760413518466,0.21395760413518466,0.21395760413518466,0.21395760413518466
_90,m,Mortality,Canada,65+,0.1932177795189448,0.1932177795189448,0.1932177795189448,0.1932177795189448,0.1932177795189448,0.1932177795189448
_90,w,Morbidity,Australia,15-34,0.0946960664430955,0.0946960664430955,0.0946960664430955,0.0946960664430955,0.0946960664430955,0.0946960664430955
_90,w,Morbidity,Australia,35-64,0.11948103928144782,0.11948103928144782,0.11948103928144782,0.11948103928144782,0.11948103928144782,0.11948103928144782
_90,w,Morbidity,Australia,65+,0.08805625588285748,0.08805625588285748,0.08805625588285748,0.08805625588285748,0.08805625588285748,0.08805625588285748
_90,w,Morbidity,Canada,15-34,0.0907833300373084,0.0907833300373084,0.0907833300373084,0.0907833300373084,0.0907833300373084,0.0907833300373084
_90,w,Morbidity,Canada,35-64,0.10808914448943094,0.10808914448943094,0.10808914448943094,0.10808914448943094,0.10808914448943094,0.10808914448943094
_90,w,Morbidity,Canada,65+,0.08050301683168049,0.08050301683168049,0.08050301683168049,0.08050301683168049,0.08050301683168049,0.08050301683168049
_90,w,Mortality,Australia,15-34,0.0946960664430955,0.0946960664430955,0.0946960664430955,0.0946960664430955,0.0946960664430955,0.0946960664430955
_90,w,Mortality,Australia,35-64,0.11948103928144782,0.11948103928144782,0.11948103928144782,0.11948103928144782,0.11948103928144782,0.11948103928144782
_90,w,Mortality,Australia,65+,0.08805625588285748,0.08805625588285748,0.08805625588285748,0.08805625588285748,0.08805625588285748,0.08805625588285748
_90,w,Mortality,Canada,15-34,0.0907833300373084,0.0907833300373084,0.0907833300373084,0.0907833300373084,0.0907833300373084,0.0907833300373084
_90,w,Mortality,Canada,35-64,0.10808914448943094,0.10808914448943094,0.10808914448943094,0.10808914448943094,0.10808914448943094,0.10808914448943094
_90,w,Mortality,Canada,65+,0.08050301683168049,0.08050301683168049,0.08050301683168049,0.08050301683168049,0.08050301683168049,0.08050301683168049
_94,m,Morbidity,Australia,15-34,0.14821547501042628,0.14821547501042628,0.14821547501042628,0.14821547501042628,0.14821547501042628,0.14821547501042628
_94,m,Morbidity,Australia,35-64,0.17385304481191596,0.17385304481191596,0.17385304481191596,0.17385304481191596,0.17385304481191596,0.17385304481191596
_94,m,Morbidity,Australia,65+,0.1634389755572551,0.1634389755572551,0.1634389755572551,0.1634389755572551,0.1634389755572551,0.1634389755572551
_94,m,Morbidity,Canada,15-34,0.15991669175842893,0.15991669175842893,0.15991669175842893,0.15991669175842893,0.15991669175842893,0.15991669175842893
_94,m,Morbidity,Canada,35-64,0.17156200177848888,0.17156200177848888,0.17156200177848888,0.17156200177848888,0.17156200177848888,0.17156200177848888
_94,m,Morbidity,Canada,65+,0.15939168544179178,0.15939168544179178,0.15939168544179178,0.15939168544179178,0.15939168544179178,0.15939168544179178
_94,m,Mortality,Australia,15-34,0.14821547501042628,0.14821547501042628,0.14821547501042628,0.14821547501042628,0.14821547501042628,0.14821547501042628
_94,m,Mortality,Australia,35-64,0.17385304481191596,0.17385304481191596,0.17385304481191596,0.17385304481191596,0.17385304481191596,0.17385304481191596
_94,m,Mortality,Australia,65+,0.1634389755572551,0.1634389755572551,0.1634389755572551,0.1634389755572551,0.1634389755572551,0.1634389755572551
_94,m,Mortality,Canada,15-34,0.15991669175842893,0.15991669175842893,0.15991669175842893,0.15991669175842893,0.15991669175842893,0.15991669175842893
_94,m,Mortality,Canada,35-64,0.17156200177848888,0.17156200177848888,0.17156200177848888,0.17156200177848888,0.17156200177848888,0.17156200177848888
_94,m,Mortality,Canada,65+,0.15939168544179178,0.15939168544179178,0.15939168544179178,0.15939168544179178,0.15939168544179178,0.15939168544179178
_94,w,Morbidity,Australia,15-34,0.08930626178658342,0.08930626178658342,0.08930626178658342,0.08930626178658342,0.08930626178658342,0.08930626178658342
_94,w,Morbidity,Australia,35-64,0.10961816169799161,0.10961816169799161,0.10961816169799161,0.10961816169799161,0.10961816169799161,0.10961816169799161
_94,w,Morbidity,Australia,65+,0.08571710599666194,0.08571710599666194,0.08571710599666194,0.08571710599666194,0.08571710599666194,0.08571710599666194
_94,w,Morbidity,Canada,15-34,0.08835209620837775,0.08835209620837775,0.08835209620837775,0.08835209620837775,0.08835209620837775,0.08835209620837775
_94,w,Morbidity,Canada,35-64,0.10238606880131748,0.10238606880131748,0.10238606880131748,0.10238606880131748,0.10238606880131748,0.10238606880131748
_94,w,Morbidity,Canada,65+,0.08167232951852836,0.08167232951852836,0.08167232951852836,0.08167232951852836,0.08167232951852836,0.08167232951852836
_94,w,Mortality,Australia,15-34,0.08930626178658342,0.08930626178658342,0.08930626178658342,0.08930626178658342,0.08930626178658342,0.08930626178658342
_94,w,Mortality,Australia,35-64,0.10961816169799161,0.10961816169799161,0.10961816169799161,0.10961816169799161,0.10961816169799161,0.10961816169799161
_94,w,Mortality,Australia,65+,0.08571710599666194,0.08571710599666194,0.08571710599666194,0.08571710599666194,0.08571710599666194,0.08571710599666194
_94,w,Mortality,Canada,15-34,0.08835209620837775,0.08835209620837775,0.08835209620837775,0.08835209620837775,0.08835209620837775,0.08835209620837775
_94,w,Mortality,Canada,35-64,0.10238606880131748,0.10238606880131748,0.10238606880131748,0.10238606880131748,0.10238606880131748,0.10238606880131748
_94,w,Mortality,Canada,65+,0.08167232951852836,0.08167232951852836,0.08167232951852836,0.08167232951852836,0.08167232951852836,0.08167232951852836
