x,Australia_m_15-34,Australia_m_35-64,Australia_m_65+,Australia_w_15-34,Australia_w_35-64,Australia_w_65+,Canada_m_15-34,Canada_m_35-64,Canada_m_65+,Canada_w_15-34,Canada_w_35-64,Canada_w_65+
1,0.04491246572377883,0.050858970055126844,0.05409614846828625,0.07595664375565811,0.08337536164643222,0.08434296528090046,0.050465595703204184,0.05391097714965224,0.058627882675934974,0.08706044483432873,0.089823083206423,0.09851901140015903
2,0.03621245534619725,0.04106109619763584,0.043553725968610464,0.05609702803290726,0.06184489656611902,0.06195986270321089,0.04066758109484908,0.04346028193936789,0.04708931730716478,0.06395963924708291,0.066300612704172035,0.07177386286058017
3,0.03156270087108905,0.035835925962104644,0.03790612549288991,0.04605805997904668,0.050999005258871244,0.05060153935462145,0.03542634856861718,0.03787328604739702,0.040885159001171276,0.05223755363905717,0.054405001469586704,0.05813053189428486
4,0.028401354471914532,0.032289061929734825,0.034059807094195885,0.03949129628100491,0.04391870275850201,0.043156575075703925,0.03186054112175101,0.03407392339490995,0.03664862574297879,0.044554299045217356,0.046621911073521406,0.04916683288330684
5,0.02600712002742395,0.029606055044712254,0.03114320386888919,0.03467487499585423,0.03873067522065852,0.03769189569293022,0.029158704237523578,0.03119605047607549,0.03343012603990553,0.03891474303715749,0.04091278872277156,0.04258512604524038
6,0.024079376902052314,0.027447666567626237,0.02879281761888753,0.030906841607612354,0.03467263444657859,0.03341759546101708,0.0269825547329417,0.028878648107248366,0.0308331649789891,0.034503640990786205,0.03644637189602836,0.03744293189508487
7,0.022465211178937728,0.025641450836721313,0.026823615938167365,0.02783543571364232,0.031363338708276414,0.029936849154879805,0.025159974169430648,0.02693806407167725,0.02865566409816881,0.030911448796634683,0.0328059936536091,0.033264839617183024
8,0.021076580083525705,0.02408818826010997,0.0251289796608274,0.02526026045979757,0.028586049327100127,0.02702298896522341,0.023591833354660974,0.02526854765734037,0.02678102688471448,0.027904239964074935,0.029754214796546653,0.029778130095661985
9,0.01985827143212979,0.02272570373936921,0.02364199109362124,0.02305660252726016,0.026206177447466415,0.024534565254990818,0.022215948231236647,0.023803775322041115,0.025135969178586733,0.025336039269202627,0.027143227033839614,0.026811869695964843
10,0.018773418362183568,0.021512513760973736,0.022317927390887206,0.02114164559295011,0.024134549849434098,0.022377385140245037,0.020990782758456294,0.022499456128364667,0.023671439081216494,0.023109642965860582,0.02487484891273529,0.024251732212358837
11,0.01779618753905069,0.020419574165516336,0.021125420907219108,0.019457588291425007,0.022309070425461704,0.02048552283322212,0.01988722158315558,0.021324551086931605,0.022352977796249986,0.02115701988862793,0.022880534730274637,0.02201735648670943
12,0.016907770591975662,0.019425757292001015,0.020041611469032303,0.017962466037312216,0.020684759451442346,0.018810983266966515,0.018884059009705474,0.02025645913064522,0.021155430614061818,0.01942864359175749,0.021110504731227546,0.020049997047107995
13,0.016094040221819397,0.018515208139912157,0.019049310876215607,0.016624821484239726,0.019227975291831335,0.017317692428336886,0.01796536098136043,0.01927820214222025,0.02005985159124426,0.017887290035466935,0.019527432461969436,0.01830532871945958
14,0.015344106814948025,0.017675716762969987,0.0181352561912687,0.01542044144961484,0.01791288020647218,0.015977812946728624,0.01711884036339639,0.01837669140382716,0.019051595695912728,0.01650423512012876,0.018102579247493564,0.016749025232812832
15,0.014649390897007631,0.01689767266337806,0.017288986878876374,0.014330270007804355,0.01671918249538257,0.014769384387867728,0.016334812733972456,0.017541613539857066,0.01811909163007515,0.0152568194075281,0.016813321630094726,0.015353920660000214
16,0.014003005399988085,0.016173368655548373,0.0165020967257398,0.013339024079017837,0.015630640389673232,0.013674755534212645,0.015605500861225495,0.016764688538415132,0.01725302374655238,0.014126830218591561,0.015641510872661864,0.014098118733435147
17,0.013399331563931112,0.015496523098956981,0.015767720060806043,0.012434245974437656,0.014634039379577883,0.01267950978871053,0.014924557132083814,0.016039160330846628,0.01644576983069268,0.01309939265777729,0.014572350065069201,0.012963693373628595
18,0.012833720047922602,0.014861943300770454,0.015080169520712007,0.011605637315748369,0.013718474158626022,0.011771708460761475,0.014286726928501544,0.015359437754205112,0.015691004449486973,0.012162188703265036,0.01359360457331329,0.011935771030241463
19,0.012302275420340056,0.014265282903359402,0.01443467475959275,0.010844579657192835,0.012874832519594585,0.010941345215210839,0.013687605872854185,0.014720835659838276,0.014983412636060393,0.011304894222359408,0.012695033699415662,0.011001867144270759
20,0.011801697617285403,0.013702863470315366,0.013827190147546235,0.010143782280809952,0.012095416688307424,0.010179944524690792,0.013123461215360984,0.01411938444824621,0.01431847901663616,0.010518764599889844,0.011867973037939322,0.010151396262081816
21,0.011329163215128602,0.013171540928363602,0.01325425069791843,0.009497018641681974,0.011373660373794075,0.00948026062742098,0.012591098054094748,0.013551687427538947,0.01369232970374976,0.009796324087965396,0.011105021893381018,0.009375303607559173
22,0.010882235093647758,0.01266860398676378,0.012712862395643088,0.008898925892512384,0.010703913859884263,0.008836048092273941,0.012087757527668067,0.01301481227507363,0.013101611845880818,0.009131129053215949,0.010399805463893092,0.00866578338454943
23,0.010458792711348806,0.012191695766873541,0.012200417509025998,0.008344850126155124,0.010081278361281754,0.008241884352546408,0.01161103822338365,0.012506207259613645,0.012543400538838284,0.008517584854089755,0.009746791220735015,0.008016060171995961
24,0.010056977589921206,0.011738752553148641,0.011714628341823847,0.007830725307025293,0.009501476643631667,0.007693030588658733,0.011158834717395415,0.012023635734237415,0.012015125943640513,0.007950802292435041,0.009141145229452538,0.00742021699141094
25,0.009675150186726307,0.011307955360438824,0.011253474797143673,0.007352977403052502,0.008960750740610226,0.007185321339455613,0.010729288944209112,0.011565124310218706,0.011514515547438986,0.007426483711178504,0.008578618353407647,0.006873058428064733
26,0.009311855408620014,0.01089769122359095,0.010815162425322019,0.0069084476281877595,0.00845578019624595,0.00671507593286808,0.010320751302388525,0.011128921412545881,0.011039547925440903,0.006940831607835999,0.008055455121770673,0.006370000446358549
27,0.008965794763222349,0.010506521952583118,0.010398088527332146,0.006494330359636286,0.007983616049545275,0.006279026697991982,0.009931749239630324,0.010713463809943223,0.010588415345004971,0.006490474564807809,0.00756832000403781,0.005906980792375551
28,0.008635803665709672,0.010133158684609931,0.01000081451737862,0.006108122453834602,0.0075416270320331266,0.005874260233771873,0.009560961648067917,0.010317349339205141,0.010159493244337224,0.006072406652581439,0.007114237207504946,0.005480385459439417
29,0.008320832791475568,0.009776440983974783,0.00962204319925516,0.005747581510808538,0.007127455340575755,0.00549816894497804,0.009207197819847609,0.009939314490811256,0.009751315111482044,0.005683937427403473,0.006690541092532442,0.005086987821763562
30,0.008019932634167648,0.009435319543854551,0.009260599937131238,0.005410691232469035,0.006738979991100429,0.005148410731966618,0.008869380016123442,0.009578215846104254,0.009362551646139703,0.005322650342406149,0.006294835006694763,0.004723897858261645
31,0.007732240625687399,0.009108841765972845,0.008915416940243608,0.005095632456077519,0.006374286228792893,0.004822875215221623,0.008546528924565951,0.009233014593048552,0.00899199334825877,0.0049863679014999825,0.005924956855298254,0.004388519487337041
32,0.007456970320736137,0.008796139658622769,0.008585520057914919,0.004800758766435242,0.006031639817810185,0.004519655241858472,0.008237751444911068,0.008902763522965243,0.008638535871114726,0.0046731222632332625,0.005578950107822033,0.004078514477554117
33,0.007193402257820816,0.008496419616574307,0.00827001761385718,0.0045245758314558255,0.005709465293270786,0.004237022695437673,0.007942230365221339,0.008586596041975262,0.008301167621768859,0.004381130284751798,0.0052550392256629245,0.00379177173215112
34,0.006940876191337026,0.008208953739499012,0.0079680909089957265,0.0042657237879935896,0.005406327454427698,0.003973407837839891,0.00765921558469286,0.008283716830235285,0.007978959201688078,0.0041087722100224015,0.004951608712597302,0.003526380997745619
35,0.006698784452499212,0.007933072416620678,0.007678986098638389,0.004022962143833589,0.005120915527481316,0.0037273815703665314,0.007388016609985228,0.007993393857918526,0.007671054364264311,0.003854573369956346,0.0046671851542270555,0.0032806102407087552
36,0.0064665662455380855,0.007668157960044208,0.007402007208827994,0.003795156768791533,0.004852029541540849,0.0034976401233197895,0.007127996106862456,0.007714951525339205,0.007376662230687786,0.003617188388057609,0.004400421739612479,0.003052886083809159
37,0.006243702723373619,0.007413639111727787,0.007136510102564601,0.0035812686309815117,0.0045985685505008375,0.0032829917782115836,0.006878564331509657,0.007447764740018458,0.007095050555925898,0.0033953874831448216,0.004150084856860331,0.002841776811863079
38,0.006029712716552109,0.007168986282335558,0.0068818972424811685,0.003380343999350167,0.0043595204033944224,0.0030823453010979853,0.006639174299221872,0.007191253779027961,0.006825539875955286,0.0031880445374154734,0.003915042431580685,0.002645977546300764
39,0.005824149012560273,0.006933707406438176,0.006637613124868666,0.0031915058848578305,0.004133952820769039,0.0028946998242233386,0.006409317574445988,0.0069448798129710726,0.006567498398478725,0.0029941266586800716,0.0036942537379585647,0.00246429726068035
40,0.0056265951011482615,0.006707344319350489,0.006403140282430715,0.0030139465334062623,0.003921005578250905,0.002719135959813554,0.006188520587027687,0.006708140990211784,0.006320337524053466,0.0028126850137367206,0.0034867604604951192,0.002295647366640157
41,0.005436662316092617,0.006489469577531491,0.006177995771120301,0.0028469208161610664,0.003719883633301184,0.002554807967197732,0.005976341396195854,0.006480568997743376,0.006083507904305707,0.002642846748386113,0.003291678823092567,0.0021390316458703568
42,0.005253987315730053,0.006279683657845765,0.00596172807086573,0.002689740389098711,0.0035298510591628965,0.002400936824511621,0.0057723668372302245,0.006261726029387096,0.005856495959794984,0.0024838078406191825,0.003108192633226735,0.0019935373408929663
43,0.005078229854217112,0.00607761248179972,0.005753914341686618,0.0025417685147952644,0.003350225672631548,0.0022568040806056648,0.005576209996607859,0.006051202103575722,0.005638820792952043,0.002334826758654807,0.0029355471140967916,0.0018583272476605979
44,0.004909070803297924,0.005882905219658895,0.005554157986213031,0.0024024154567170836,0.0031803742606846923,0.002121746382640284,0.005387507970248365,0.005848612682382147,0.005430031441979325,0.0021952188159967924,0.002773043418109285,0.0017326326776735364
45,0.004746210390761486,0.005695232336539766,0.005362086477399944,0.0022711343703832364,0.0030197083260483535,0.001995150591124432,0.0052059198666930965,0.005653596551142922,0.005229704430165399,0.0020643511324704125,0.0026200337318039793,0.0016157471775959547
46,0.004589366627027659,0.005514283848473498,0.005177349416622422,0.0021474176273744653,0.002867680284137887,0.0018764494075577496,0.005031125022982551,0.005465813924345073,0.005037441572105193,0.0019416381240291276,0.0024759168961080527,0.00150702091109999
47,0.004438273895642183,0.005339767761312292,0.004999616792616768,0.0020307935177557887,0.002723780054015819,0.001765117450932295,0.004862821405891694,0.005284944748661277,0.004852868004134527,0.0018265374555703675,0.002340134477196161,0.0014058556215659488
48,0.004292681687060986,0.005171408669389708,0.004828577416112736,0.001920823284445765,0.002587531994474582,0.0016606677285783173,0.00470072417524344,0.005110687178345075,0.0046756304111153744,0.0017185464005208314,0.002212167232694979,0.001311700105857885
49,0.004152353458103015,0.005008946494211191,0.004663937508651392,0.0018170984497105956,0.00245849214340584,0.0015626484545488324,0.004544564389403094,0.0049427562018018135,0.0045053954257328445,0.0016171985589067193,0.00209153192586439,0.001224046139103741
50,0.004017065601959129,0.00485213534626502,0.004505419427136588,0.0017192383995284874,0.002336245724520757,0.0014706401752075712,0.004394087835886351,0.004780882401165847,0.004341848179833812,0.0015220608922994394,0.00197777844700185,0.0011424247985790687
51,0.003886606515751009,0.004700742495406258,0.004352760508232938,0.0016268881962531773,0.002220404890445297,0.0013842531671364692,0.004249053972389857,0.004624810829246119,0.004184690990168715,0.0014327310396517231,0.0018704872068815764,0.001066403141696069
52,0.0037607757544097977,0.00455454743725731,0.0042057120188859634,0.0015397165939611784,0.002110606675398514,0.0013031250770907817,0.0041092349655570985,0.004474299990336659,0.004033642163286846,0.0013488348827971578,0.0017692667717413599,9.955811989551546e-4
53,0.0036393832611465123,0.004413341044752783,0.004064038201070662,0.0014574142342207938,0.0020065111342043285,0.0012269187776463835,0.003974414816487659,0.0043291209131943766,0.0038884349063584133,0.0012700243344266602,0.0016737517133160438,9.295892477023851e-4
54,0.0035222486660618775,0.004276924795385728,0.003927515400429297,0.001379692002874601,0.0019077996473979165,0.001155320415522041,0.003844388563437602,0.0041890563060197165,0.003748816332415703,0.0011959753247992775,0.0015836006508091807,8.680853367976545e-4
55,0.0034092006455299123,0.004145110065929941,0.0037959312697841067,0.0013062795308636315,0.0018141733747551237,0.001088037632414713,0.003718961553385312,0.00405389978458219,0.0036145465499714297,0.0011263859663903227,0.0014984944645917418,8.107530359533995e-4
56,0.0033000763359183716,0.004017717487453112,0.0036690840396433637,0.001236923824209141,0.0017253518417701004,0.0010247979406365518,0.0035979487751855894,0.003923455165749182,0.003485397828226356,0.0010609748782079177,0.0014181346638994948,7.572993866489851e-4
57,0.0031947207960054606,0.0038945763543273113,0.003546781848790606,0.0011713880100623032,0.0016410716454919687,9.653472379523465e-4,0.003481174247933852,0.0037975358196337735,0.003361153830154319,9.994796536857689e-4,0.0013422418929351881,7.074530342413663e-4
58,0.0030929865131369724,0.003775524081709748,0.00342884212888264,0.0011094501872793874,0.0015610852677551304,9.094484478387707e-4,0.003368470458935499,0.00367596407440056,0.0032416089066790747,9.416554579401568e-4,0.0012705545616224598,6.609625232443496e-4
59,0.002994732948758578,0.0036604057066276317,0.0033150910377027845,0.0010509023713182021,0.0014851599852401056,8.568802729658521e-4,0.0032596778463424322,0.003558570668478408,0.003126567445957038,8.872737418080498e-4,0.001202827588850744,6.175947397914386e-4
60,0.0028998261194687425,0.003549073428372297,0.003205362936339704,9.955495244122266e-4,0.0014130768670165474,8.074360510731424e-4,0.0031546443220955523,0.0034451942455432792,0.0030158432724722304,8.361210614985387e-4,0.0011388312474318535,5.771334870765912e-4
61,0.0028081382101806623,0.0034413861844031167,0.0030994999061032024,9.432086629884922e-4,0.0013446298512750851,7.609227036085825e-4,0.003053224831312486,0.003335680888166671,0.0029092590912507166,7.87997993923023e-4,0.0010783501011907034,5.393781811214031e-4
62,0.002719547216366695,0.0033372092583922246,0.002997351301459075,8.937080351757949e-4,0.0012796248938735856,7.171597685425647e-4,0.002955280944694711,0.003229883686488383,0.0028066459730248785,7.427181388470016e-4,0.0010211820256610495,5.041426555783368e-4
63,0.0026339366126944203,0.0032364139174162216,0.0028987733356754856,8.468863620198453e-4,0.001217879182125804,6.759785096846861e-4,0.0028606804809076895,0.0031276623386758844,0.0027078428766342767,7.001071999500832e-4,9.671373047740204e-4,4.712540654746184e-4
64,0.0025511950456567835,0.003138877075628706,0.0028036286962321005,8.02592136696992e-4,0.0011592204079628459,6.372210956341651e-4,0.0027692971562189492,0.0030288827802852727,0.002612696205349128,6.600021377096436e-4,9.160377967312546e-4,4.4055188085315324e-4
65,0.002471216048055642,0.0030444809820343957,0.0027117861873575387,7.606829766114229e-4,0.0011034860952143072,6.007398422022493e-4,0.0026810102589694637,0.002933416839947741,0.002521059394152505,6.222503877531301e-4,8.677161629611627e-4,4.1188696219458397e-4
66,0.002393897773423508,0.0029531129302373146,0.002623120397336754,7.210250237833269e-4,0.0010505229762981809,5.663965127690465e-4,0.002595704346708588,0.002841141919076662,0.0024327925253250396,5.867091389677486e-4,8.220151546794789e-4,3.8512071032485723e-4
67,0.0023191427486667355,0.0028646649882569887,0.0025375113884729275,6.834923893969099e-4,0.0010001864140867201,5.340616715891551e-4,0.0025132689640471034,0.002751940693529028,0.002347761969946946,5.5324466622556e-4,7.787869521251468e-4,3.601242842394209e-4
68,0.002246857643388257,0.002779033746701719,0.0024548444078027745,6.479666387854445e-4,9.523398651378492e-4,5.036140855496638e-4,0.002433598379480735,0.0026657008353653355,0.0022658400531714415,5.217317130865541e-4,7.378925520291906e-4,3.3677788092040045e-4
69,0.002176953054502555,0.0026961200837603266,0.0023750096168536124,6.143363134925856e-4,9.068543808558149e-4,4.749401703185255e-4,0.002356591339611299,0.0025823147530379376,0.002186904741335261,4.920529202903673e-4,6.992011993058634e-4,3.1497007179706783e-4
70,0.0021093433048923744,0.002615828945626358,0.002297901838898315,5.824964873708978e-4,8.636081434766648e-4,4.4793347720796615e-4,0.002282150839347411,0.0025016793485024523,0.002110839349159605,4.640982962460765e-4,6.625898593389286e-4,2.9459719101149017e-4
71,0.002043946254978035,0.002538069141103905,0.002223420322313195,5.523483539650075e-4,8.22486034069305e-4,4.224942174223514e-4,0.0022101839068039727,0.0024236957898928057,0.002037532265461513,4.377647260850807e-4,6.279427275775563e-4,2.755627711080132e-4
72,0.0019806831261780706,0.002462753149264405,0.0021514685187762643,5.237988426823223e-4,7.83379230005804e-4,3.985288206679189e-4,0.0021406014017417655,0.002348269298530287,0.0019668766959439208,4.129555161597413e-4,5.951507734611012e-4,2.57777022173773e-4
73,0.0019194783353359928,0.0023897969391307033,0.0020819538751612678,4.967602614826833e-4,7.461848295893186e-4,3.759495253774568e-4,0.002073317826497122,0.0022753089491524916,0.0018987704217649478,3.895799711547325e-4,5.64111315964505e-4,2.4115635082348354e-4
74,0.0018602593392736005,0.002319119800459996,0.0020147876380881575,4.711499640228208e-4,7.10805501737862e-4,3.5467399805013446e-4,0.0020082511484486756,0.0022047274823511756,0.0018331155727050246,3.675530012329539e-4,5.347276283000659e-4,2.2562291575020408e-4
75,0.0018029564887078503,0.002250644184782471,0.0019498846701847673,4.468900393749353e-4,6.771491588101571e-4,3.3462497942866155e-4,0.0019453226331548174,0.00213644112830007,0.0017698184138562028,3.467947568667549e-4,5.06908569530234e-4,2.1110421685902747e-4
76,0.001747502890836807,0.0021842955559286245,0.0018871632771987731,4.239070226035637e-4,6.451286508285231e-4,3.1572995543561186e-4,0.0018844566873731361,0.0020703694409362526,0.001708789144852729,3.272302892111417e-4,4.8056824104280357e-4,1.97532715266349e-4
77,0.0016938342799616417,0.0021200022493465523,0.0018265450451745685,4.02131624633228e-4,6.14661479505395e-4,2.979208509706342e-4,0.0018255807112426625,0.0020064351418325275,0.00164994171074702,3.0878923406115876e-4,4.556256660169491e-4,1.8484548168690092e-4
78,0.001641888895566805,0.002057695339571803,0.0017679546869776976,3.8149847997310507e-4,5.856695306166263e-4,2.811337448326101e-4,0.0017686249589722617,0.0019445639730647217,0.00159319362371174,2.9140551760304507e-4,4.3200449016819465e-4,1.7298387094693708e-4
79,0.0015916073673301501,0.001997308515267472,0.0017113198975105479,3.61945910985679e-4,5.580788233878535e-4,2.653086041775088e-4,0.0017135224074347638,0.0018846845584374993,0.001538465794817553,2.750170823200479e-4,4.0963270220455573e-4,1.6189322055734122e-4
80,0.0015429326065794667,0.0019387779613018739,0.0016565712170181835,3.434157074955132e-4,5.318192756714174e-4,2.5038903705544097e-4,0.0016602086321170627,0.0018267282724861254,0.0014856823751983699,2.595656315506875e-4,3.8844237255644107e-4,1.5152257145726073e-4
81,0.0014958097037522464,0.0018820422473758629,0.0016036419019329064,3.2585292063312877e-4,5.068244837919353e-4,2.3632206169072002e-4,0.001608621689922162,0.0017706291167201593,0.0014347706059720698,2.449963913213275e-4,3.683694090609631e-4,1.4182440919906957e-4
82,0.0014501858314519207,0.0018270422227522705,0.0015524678027511213,3.092056698986101e-4,4.8303151602973774e-4,2.2305789127790787e-4,0.0015587020083604574,0.0017163236026189225,0.0013856606763355769,2.312578881874888e-4,3.4935332838835183e-4,1.327544239907827e-4
83,0.0014060101527268074,0.0017737209166765098,0.0015029872484768035,2.934249625109552e-4,4.603807187940537e-4,2.105497331659992e-4,0.0015103922807049425,0.001663750640928297,0.0013382855892992223,2.1830174192063271e-4,3.313370420953951e-4,1.2427128814400862e-4
84,0.001363233734227881,0.0017220234441104746,0.0014551409372027947,2.7846452418319156e-4,4.388155346129111e-4,1.9875360139313755e-4,0.0014636373667189192,0.0016128514368443725,0.0012925810345672008,2.0608247197018774e-4,3.142666562792219e-4,1.1633644959549148e-4
85,0.0013218094639285696,0.0016718969164318804,0.00140887183243463,2.642806405306436e-4,4.1828233113502545e-4,1.876281416164315e-4,0.001418384198595563,0.0015635693907021127,0.001248485268108931,1.945573167153422e-4,2.980912838852385e-4,1.0891394027945642e-4
86,0.0012816919731144583,0.0016232903567784617,0.0013641250647921316,2.508320083811572e-4,3.987302404011497e-4,1.7713446755637043e-4,0.0013745816917766216,0.0015158500038168624,0.0012059389980007278,1.8368606459840797e-4,2.8276286879639386e-4,1.0197019822742028e-4
87,0.0012428375623731336,0.0015761546197412212,0.001320847838751689,2.380795963121213e-4,3.8011100769908885e-4,1.6723600814374997e-4,0.0013321806603429943,0.0014696407891535152,0.001164885276148756,1.734308963020947e-4,2.6823602089790476e-4,9.54739023627886e-5
88,0.0012052041313348634,0.0015304423151334824,0.0012789893441174471,2.2598651379033782e-4,3.6237884936837154e-4,1.5789836461951672e-4,0.001291133736693079,0.0014248911865227221,0.0011252693955329748,1.6375623719750465e-4,2.5446786137277294e-4,8.939581904030789e-5
89,0.0011687511119333862,0.0014861077355830794,0.0012385006719327152,2.1451788833762157e-4,3.4549031896791523e-4,1.4908917689513245e-4,0.0012513952952459503,0.0013815524820259605,0.001087038792638094,1.546286193486223e-4,2.4141787753937375e-4,8.370865945601844e-5
90,0.0011334394049731062,0.0014431067877137742,0.0011993347345639427,2.0364075018790726e-4,3.294041812633475e-4,1.4077799853341047e-4,0.0012129213799257003,0.001339577731491754,0.0010501429547616046,1.4601655241307362e-4,2.290477865936581e-4,7.838694712244296e-5
91,0.0010992313198045227,0.0014013969266991493,0.0011614461897089473,1.9332392394094732e-4,3.140812935303471e-4,1.3293617975777253e-4,0.0011756696352009704,0.0012989216876640411,0.0010145333319109592,1.3789040282842323e-4,2.1732140766549387e-4,7.340689466695916e-5
92,0.0010660905169239388,0.0013609370939879125,0.0011247913680987104,1.8353792675376832e-4,2.9948449370676566e-4,1.255367579419022e-4,0.0011395992404698383,0.0012595407309208438,9.801632530221844e-4,1.302222807186805e-4,2.0620454164177297e-4,6.874628926918386e-5
93,0.0010339819533265442,0.0013216876580139263,0.0010893282046782623,1.7425487264417842e-4,2.8557849495972824e-4,1.1855435507219906e-4,0.0011046708475950565,0.0012213928033170793,9.469878462507417e-4,1.2298593399738688e-4,1.9566485824852028e-4,6.438438610623219e-5
94,0.001002871830453917,0.00128361035771742,0.0010550161730670483,1.6544838251109163e-4,2.72329786264633e-4,1.119650817125973e-4,0.0010708465214082246,0.0011844373457597609,9.149639631024798e-4,1.161566491819683e-4,1.8567178992063998e-4,6.0301809223346803e-5
95,9.727275445879619e-4,0.0012466682487159756,0.0010218162231128275,1.5709349950446722e-4,2.5970653862123145e-4,1.057464470354861e-4,0.0010380896830139734,0.0011486352381370882,8.840501061882048e-4,1.0971115846929204e-4,1.7619643202144213e-4,5.648045929201838e-5
96,9.435176395534122e-4,0.0012108256519749521,9.896907213657283e-4,1.4916660940348183e-4,2.4767851655800685e-4,9.98772745139341e-5,0.0010063650557367207,0.001113948742235051,8.542063603998328e-4,1.0362755265481006e-4,1.6721144900495245e-4,5.290342775869626e-5
97,9.152117616003015e-4,0.0011760481048372399,9.586033943106598e-4,1.4164536568536356e-4,2.362169946000568e-4,9.433762289940601e-5,9.756386135631258e-4,0.0010803414472864196,8.25394327319383e-4,9.788519950756718e-5,1.5869098614245005e-4,4.955491692483724e-5
98,8.87780616346383e-4,0.001142302314281663,9.28519274206952e-4,1.3450861898927773e-4,2.2529467839783282e-4,8.910871213588053e-5,9.458775319431161e-4,0.0010477782180072545,7.975770626843701e-4,9.246466724091463e-5,1.506105864609345e-4,4.642016553365528e-5
99,8.611959276673499e-4,0.001109556112287989,8.994046473939399e-4,1.277363506999394e-4,2.1488563023451678e-4,8.417285388594267e-5,9.170501408213433e-4,0.0010162251449856415,7.707190167444979e-4,8.734765274420041e-5,1.429471125654492e-4,4.3485379470781384e-5
100,8.354303984300139e-4,0.0010777784131945133,8.712270049303127e-4,1.2130961039437116e-4,2.0496519864872316e-4,7.951338636718271e-5,8.891258797792312e-4,9.85649497296078e-4,7.447859773550432e-4,8.2516914264188e-5,1.3567867303959362e-4,4.073766721534998e-5
101,8.104576729703195e-4,0.0010469391729415925,8.439549954434515e-4,1.1521045691256287e-4,1.9550995192668352e-4,7.511461321827383e-5,8.62075255175424e-4,9.56019677221109e-4,7.197450156620461e-4,7.795620824665032e-5,1.2878455313926644e-4,3.8164979705025055e-5
102,7.862523012243022e-4,0.0010170093501012923,8.175583800727715e-4,1.0942190282883403e-4,1.8649761523424944e-4,7.096174613354589e-5,8.358697991795658e-4,9.273051769692816e-4,6.955644342434133e-4,7.365023006864532e-5,1.2224514951384943e-4,3.575605430335544e-5
103,7.62789704425865e-4,9.879608685996555e-4,7.920079893982873e-4,1.0392786211556539e-4,1.779070111740445e-4,6.704085102286402e-5,8.104820306008882e-4,8.994765372854481e-4,6.722137175784001e-4,6.958455841053377e-5,1.1604190870680212e-4,3.350036258077716e-5
104,7.400461422905806e-4,9.597665820439388e-4,7.672756822523192e-4,9.87131008047375e-5,1.6971800356698887e-4,6.33387974702778e-5,7.858854174191842e-4,8.725053078558913e-4,6.496634847256664e-4,6.574560303398236e-5,1.1015726920408506e-4,3.1388061641738865e-5
105,7.179986816096873e-4,9.324002395725792e-4,7.433343063184431e-4,9.376319046549668e-5,1.6191144427032047e-4,5.98432112803293e-5,7.620543409313858e-4,8.463640094167108e-4,6.27885444097328e-4,6.212055574810253e-5,1.0457460681409549e-4,2.9409948749943414e-5
106,6.966251661830405e-4,9.058364531506894e-4,7.201576604275754e-4,8.906446432782302e-5,1.5446912285621293e-4,5.654242991521092e-5,7.389640614322071e-4,8.210260974794569e-4,6.068523502230915e-4,5.869734436062774e-5,9.927818317695821e-5,2.755741902172389e-5
107,6.759041880240464e-4,8.800506662385439e-4,6.977204584664236e-4,8.460397589339081e-5,1.473737189862134e-4,5.342546063921558e-5,7.165906853521957e-4,7.964659275931484e-4,5.865379624048028e-4,5.5464589424702456e-5,9.425309721416652e-5,2.582242597421888e-5
108,6.558150597735913e-4,8.550191237648454e-4,6.75998294818516e-4,8.036945988494805e-5,1.4060875732707667e-4,5.048194119922814e-5,6.949111337810466e-4,7.726587220666028e-4,5.669170051675517e-4,5.241156360454835e-5,8.948523934178694e-5,2.419744473039432e-5
109,6.36337788263651e-4,8.307188433406235e-4,6.549676112626899e-4,7.634929539505443e-5,1.3415856486319775e-4,4.770210288142132e-5,6.739031123082743e-4,7.495805380794618e-4,5.479651304188581e-4,4.952815349504973e-5,8.496124828180319e-5,2.267543769718124e-5
110,6.174530491747296e-4,8.071275876533292e-4,6.34605665258216e-4,7.253247110387563e-5,1.2800823046980758e-4,4.507673579492602e-5,6.535450821172471e-4,7.272082371144454e-4,5.29658881232535e-4,4.680482374124045e-5,8.066847031674121e-5,2.124982254614966e-5
111,5.991421627344666e-4,7.84223837984226e-4,6.148904995497823e-4,6.890855244397221e-5,1.2214356661945485e-4,4.259715624309944e-5,6.338162322722591e-4,7.055194556472382e-4,5.119756571785232e-4,4.4232583313840426e-5,7.659492084255721e-5,1.9914442338307404e-5
112,5.813870704077535e-4,7.619867687954068e-4,5.958009130293342e-4,6.546765059769932e-5,1.1655107310207587e-4,4.025517605217594e-5,6.146964531417353e-4,6.844925770340264e-4,4.948936811243958e-4,4.180295380643875e-5,7.272924808392671e-5,1.866353764587319e-5
113,5.641703125314844e-4,7.403962233358322e-4,5.773164327952711e-4,6.220039321998706e-5,1.1121790264622304e-4,3.8043073735604226e-5,5.961663109038482e-4,6.641067045400626e-4,4.7839196743834015e-4,3.9507939628712524e-5,6.906069884461291e-5,1.7491720534300213e-5
114,5.474750068496844e-4,7.194326902185965e-4,5.594172873527997e-4,5.909789678594508e-5,1.0613182833580001e-4,3.595356738030361e-5,5.782070230838075e-4,6.443416354557918e-4,4.6245029152729465e-4,3.733999997824651e-5,6.55790861735456e-5,1.6393950277483612e-5
115,5.312848279071829e-4,6.990772809243059e-4,5.420843809023107e-4,5.615174046895445e-5,1.0128121272297915e-4,3.397978914845097e-5,5.608004350748796e-4,6.25177836250016e-4,4.470491606474949e-4,3.529202248113476e-5,6.227475883466604e-5,1.536551068803125e-5
116,5.155839872622992e-4,6.793117081879184e-4,5.252992686655297e-4,5.335394146072004e-5,9.6654978543897e-5,3.2115261295282e-5,5.439289975977893e-4,6.065964187123177e-4,4.321697859280885e-4,3.33572983986332e-5,5.9138572475516904e-5,1.4401988952769358e-5
117,5.00357214481126e-4,6.60118265228716e-4,5.090441332018956e-4,5.069693165017952e-5,9.224258094925016e-5,3.035387360979398e-5,5.275757450556095e-4,5.885791170395569e-4,4.177940555516314e-4,3.1529499303741706e-5,5.6161862396022155e-5,1.3499255871342501e-5
118,4.855897388780081e-4,6.414798057852524e-4,4.933017616701351e-4,4.81735355832314e-5,8.803398116708462e-5,2.8689862191203967e-5,5.117242747435267e-4,5.711082658236535e-4,4.03904509038252e-4,2.980265513774527e-5,5.333641782493894e-5,1.2653447402894467e-5
119,4.712672719686827e-4,6.233797249191623e-4,4.7805552399238634e-4,4.5776949629978545e-5,8.401962151991779e-5,2.7117789479578372e-5,4.963587268750233e-4,5.541667789001474e-4,3.904843125830679e-4,2.817113356249096e-5,5.0654457617106935e-5,1.1860947432431486e-5
120,4.5737599060431303e-4,6.058019405536111e-4,4.632893518804454e-4,4.350072229061092e-5,8.019040172285728e-5,2.5632525464240992e-5,4.8146376538802255e-4,5.377381290191422e-4,3.7751723539904993e-4,2.6629620529524976e-5,4.810860728989266e-5,1.1118371674604026e-5
121,4.439025207562944e-4,5.887308757139647e-4,4.4898771868579754e-4,4.133873557519316e-5,7.65376563936305e-5,2.4229229998405773e-5,4.6702455949643824e-4,5.218063283022378e-4,3.649876270200038e-4,2.5173101992214087e-5,4.569187732216051e-5,1.0422552638339058e-5
122,4.30833921923263e-4,5.721514414399385e-4,4.3513562003707297e-4,3.928518739649598e-5,7.305313370941547e-5,2.2903336153000144e-5,4.530267659543514e-4,5.06355909450929e-4,3.528803955206512e-4,2.379684669163684e-5,4.339764264371423e-5,9.770525581042315e-6
123,4.18157672133199e-4,5.560490203400562e-4,4.217185552303955e-4,3.733457491863773e-5,6.972897514909271e-5,2.165053454686312e-5,4.3945651200169556e-4,4.913719076737057e-4,3.411809866129753e-4,2.2496389951381786e-5,4.121962324747176e-5,9.159515386000251e-6
124,4.05861653514884e-4,5.4040945076074e-4,4.087225093398505e-4,3.548167880770114e-5,6.655769626303779e-5,2.0466758594441936e-5,4.2630037896191443e-4,4.7683984330075557e-4,3.298753635800524e-4,2.126751842045867e-5,3.9151865860678903e-5,8.586924301171854e-6
125,3.9393413841426483e-4,5.252190115437433e-4,3.9613393601692625e-4,3.372154833366924e-5,6.353216841585598e-5,1.934817061579223e-5,4.135453864635239e-4,4.6274570505671416e-4,3.1894998801052464e-4,2.010625570732466e-5,3.718872661525423e-5,8.050320481799225e-6
126,3.8236377603248825e-4,5.104644073469546e-4,3.8393974094932774e-4,3.204948727601021e-5,6.064560145054224e-5,1.8291148757126414e-5,4.011789772589167e-4,4.4907593396338765e-4,3.083918012986967e-4,1.9008848851578934e-5,3.532485466090399e-5,7.547427283202436e-6
127,3.7113957956352276e-4,4.961327545048309e-4,3.721272659510139e-4,3.046104058803376e-5,5.789152722544512e-5,1.7292274673369857e-5,3.8918900261504063e-4,4.3581740784575225e-4,2.9818820687695736e-4,1.7971755583196777e-5,3.355517666797192e-5,7.07611325378606e-6
128,3.602509138103507e-4,4.8221156740589535e-4,3.606842736566884e-4,2.895198177776516e-5,5.526378397813097e-5,1.6348321927191752e-5,3.775637082518421e-4,4.2295742641583424e-4,2.883270531488573e-4,1.6991632322277597e-5,3.187488217010547e-5,6.634382781687248e-6
129,3.496874832597443e-4,4.686887453658156e-4,3.4959893279525863e-4,2.7518300965542046e-5,5.275650147280068e-5,1.5456245061789145e-5,3.662917208055114e-4,4.104836969103107e-4,2.787966170927025e-4,1.6065322875184172e-5,3.0279409699742606e-5,6.22036735166076e-6
130,3.3943932059659314e-4,4.5555255997563093e-4,3.388598040180083e-4,2.6156193580847117e-5,5.0364086890315283e-5,1.4613169307333487e-5,3.553620347946845e-4,3.983843202588247e-4,2.695855885069778e-4,1.5189847785665016e-5,2.8764433672167253e-5,5.8323173717396474e-6
131,3.294967756396578e-4,4.427916429056642e-4,3.2845582625837683e-4,2.4862049663056985e-5,4.8081211422144205e-005,1.3816380883451636e-5,3.447640000687898e-4,3.8664777776111436e-4,2.6068305487028296e-4,1.4362394302094084e-5,2.732585197645445e-5,5.468594531949442e-6
132,3.198505046814833e-4,4.303949741465801e-4,3.18376303601337e-4,2.363244373282069e-5,4.5902797531678484e-5,1.3063317862416652e-5,3.3448730971870913e-4,3.752629182520766e-4,2.5207848678975833e-4,1.3580306924339685e-5,2.595977423404126e-5,5.127664659901571e-6
133,3.1049146021601377e-4,4.183518706699232e-4,3.086108926413854e-4,2.2464125202693255e-5,4.382400684835111e-5,1.2351561559882758e-5,3.2452198843085965e-4,3.64218945734882e-4,2.4376172401320364e-4,1.2841078496003083e-5,2.4662510687929853e-5,4.808091040463742e-6
134,3.014108810382194e-4,4.066519754912947e-4,2.9914959030914766e-4,2.135400929744434e-5,4.1840228661890915e-5,1.167882842201816e-5,3.14858381266673e-4,3.5350540746316455e-4,2.3572296198125868e-4,1.2142341809851824e-5,2.343056168765752e-5,4.508528168912641e-6
135,2.9260028270076537e-4,3.9528524712010497e-4,2.899827221475128e-4,2.0299168456149437e-5,3.994706898581199e-5,1.1042962379783138e-5,3.054871428502896e-4,3.43112182454206e-4,2.2795273889710595e-4,1.1481861696228087e-5,2.2260607737172023e-5,4.227715909029575e-6
136,2.840514483134449e-4,3.8424194938057547e-4,2.8110093101909656e-4,1.9296824189756156e-005,3.814034016091e-5,1.044192764287369e-5,2.9639922694806573e-4,3.330294704158422e-4,2.204419232921997e-4,1.0857527566041935e-5,2.114950007462983e-5,3.964474029513699e-6
137,2.7575641967174456e-4,3.735126415893665e-4,2.7249516622765706e-4,1.834433936931088e-5,3.641605097111489e-5,9.873801907513014e-6,2.8758587642424235e-4,3.232477810706264e-4,2.1318170206751795e-4,1.0267346381676307e-5,2.0094251754904654e-5,3.717697093870088e-6
138,2.6770748870152603e-4,3.630881690758609e-4,2.64156673036871e-4,1.7439210921431942e-5,3.477039724553254e-5,9.33676995383074e-6,2.7903861355782754e-4,3.137579238615056e-4,2.0616356899075828e-4,9.70943603073775e-6,1.909202920725443e-5,3.4863496805901683e-6
139,2.598971892073928e-4,3.529596540317686e-4,2.560769825706302e-4,1.6579062908936048e-5,3.319975292190868e-5,8.829117610030313e-6,2.707492307064234e-4,3.045509980239951e-4,1.9937931363079946e-4,9.182019079095491e-6,1.814014424215935e-5,3.2694619119891026e-6
140,2.5231828891286506e-4,3.43118486677308e-4,2.482479020797203e-4,1.5761639975765714e-5,3.170066154807002e-5,8.349226061914458e-6,2.6270978130335027e-4,2.9561838301048426e-4,1.9282101071158074e-4,8.683416881065253e-6,1.7236046482813637e-5,3.0661252715059455e-6
141,2.449637817810068e-4,3.335563167317768e-4,2.4066150556041602e-4,1.4984801136534009e-5,3.0269828199142155e-5,7.89556648762254e-6,2.549125711750376e-4,2.869517292529574e-4,1.8648100986836018e-4,8.212044025920132e-6,1.6377316198137405e-5,2.8754886906157935e-6
142,2.37826880604654e-4,3.242650451768747e-4,2.3331012471116194e-4,1.4246513892103376e-5,2.890411178952055e-5,7.4666949986390735e-6,2.473501501662187e-4,2.785429492510054e-4,1.8035192579006604e-4,7.766403101155394e-6,1.5561657515477163e-5,2.696754887755175e-6
143,2.3090100985585993e-4,3.1523681630163164e-4,2.2618634021412138e-4,1.3544848653650432e-5,2.7600517759682255e-5,7.061247869262695e-6,2.4001530406100822e-4,2.70384208972585e-4,1.7442662873218268e-4,7.345079754101184e-6,1.478689199238936e-5,2.5291769428289444e-6
144,2.2417979878462823e-4,3.0646401001828763e-4,2.1928297332894354e-4,1.287797345864522e-5,2.6356191118970164e-5,6.677937037785766e-6,2.3290104678846103e-4,2.6246791955551724e-4,1.6869823538529194e-4,6.946738034572735e-6,1.4050952528054548e-5,2.3720550919552964e-6
145,2.1765707475742896e-4,2.9793923443892573e-4,0.00021259307778664324,1.2244148963091421e-5,2.51684098264765e-5,6.315545863630444e-6,2.260006129017052e-4,2.5478672929824333e-4,1.6316010008504946e-4,6.570116002275518e-6,1.3351877595957342e-5,2.22473372811997e-6
146,2.113268568263989e-4,2.896553187030923e-4,2.0610993197202148e-4,1.164172369524069e-5,2.40345784930835e-5,5.972925125621808e-6,2.193074503202035e-4,2.47333515928837e-4,1.5780580634999105e-4,6.214021583649041e-6,1.2687805780490682e-5,2.0865985943571424e-6
147,2.0518334952051808e-4,2.816053060470567e-4,1.9982703138353447e-4,1.1069129556810201e-5,2.2952222388604178e-5,5.6489892474560265e-6,2.1281521332514264e-4,2.4010137914175095e-4,1.526291587341558e-4,5.877328663738009e-6,1.2056970601105968e-5,1.9570741569570203e-6
148,1.992209368504169e-4,2.737824471057529e-4,1.9373808135999664e-4,1.052487755850122e-5,2.1918981738801106e-5,5.342712737245703e-6,2.0651775579838048e-4,2.3308363339220967e-4,1.4762417498207585e-4,5.558973399532024e-6,1.1457695608541043e-5,1.8356211470233675e-6
149,1.9343417651882124e-4,2.661801934388218e-4,1.8783699006395612e-4,1.0007553777342622e-5,2.0932606297850486e-5,5.053126828798479e-6,2.004091246957753e-4,2.2627380093859134e-4,1.42785078474214e-4,5.257950742013348e-6,1.0888389738512401e-5,1.7217342594724244e-6
150,1.8781779432897682e-4,2.5879219127252975e-4,1.8211786171199644e-4,9.515815524066151e-6,1.999095018256424e-5,4.779316313011936e-6,1.944835537461052e-4,2.1966560512354106e-4,1.3810629095144394e-4,4.9733111549041e-6,1.0347542909066097e-5,1.614939999281151e-6
